Protocolo;data;hora;natureza;situacao;bairro;endereco;numero;detalhe_endereco_acidente;complemento;bairro_cruzamento;num_semaforo;sentido_via;tipo;auto;moto;ciclom;ciclista;pedestre;onibus;caminhao;viatura;outros;vitimas;vitimasfatais;acidente_verificado;tempo_clima;situacao_semaforo;sinalizacao;condicao_via;conservacao_via;ponto_controle;situacao_placa;velocidade_max_via;mao_direcao;divisao_via1;divisao_via2;divisao_via3
294015,0;2024-01-15;06:37:00;COM VÍTIMA;FINALIZADA;DERBY;AV GOVERNADOR AGAMENON MAGALHAES;;PRC DO DERBY;;DERBY;;SUBURBIO;ATROPELAMENTO DE PESSOA;0,0;0,0;0,0;0,0;1,0;1,0;0,0;0,0;0,0;1,0;0,0;;;;;;;;;;;;;
294025,0;2024-01-15;07:38:00;COM VÍTIMA;FINALIZADA;BOA VIAGEM;RUA BARAO DE SOUZA LEAO;;;EM FRENTE A LAVANDERIA NAPOLITANA;BOA VIAGEM;;;COLISÃO LATERAL;0,0;1,0;0,0;0,0;0,0;0,0;0,0;0,0;0,0;1,0;0,0;;;;;;;;;;;;;
294026,0;2024-01-15;07:52:00;COM VÍTIMA;DUPLICIDADE;BOA VIAGEM;RUA BARAO DE SOUZA LEAO;1000;;EM FRENTE A LAVANDERIA NAPOLITANO;BOA VIAGEM;;;COLISÃO LATERAL;1,0;1,0;0,0;0,0;0,0;0,0;0,0;0,0;0,0;1,0;0,0;;;;;;;;;;;;;
294030,0;2024-01-15;08:19:00;COM VÍTIMA;FINALIZADA;BOMBA DO HEMETERIO;RUA MARAIAL;;;EM FRENTE A FARMACIA DO TRABALHADOR;BOMBA DO HEMETERIO;;;COLISÃO LATERAL;1,0;1,0;0,0;0,0;0,0;0,0;0,0;0,0;0,0;1,0;0,0;;;;;;;;;;;;;
294058,0;2024-01-15;11:48:00;SEM VÍTIMA;FINALIZADA;GRACAS;AV GOVERNADOR AGAMENON MAGALHAES;;;TRIBUNAL REGIONAL ELEITORAL;GRACAS;37,0;;CHOQUE;1,0;0,0;0,0;0,0;0,0;0,0;0,0;0,0;0,0;0,0;0,0;;;;;;;;;;;;;
294076,0;2024-01-15;05:12:00;SEM VÍTIMA;FINALIZADA;IMBIRIBEIRA;AV RECIFE;;;JUNTO AO RESTAURANTE SAL E BRASA/ DESCIDA DO VIADUTO  TANCREDO NEVES SENTIDO AV RECIFE;IMBIRIBEIRA;;;;2,0;0,0;0,0;0,0;0,0;0,0;0,0;0,0;0,0;0,0;0,0;;;;;;;;;;;;;
294090,0;2024-01-15;06:43:00;COM VÍTIMA;FINALIZADA;PRADO;RUA GOMES TABORDA;;;MADEREIRA SÃO JUDAS;PRADO;;;COLISÃO FRONTAL;1,0;1,0;0,0;0,0;0,0;0,0;0,0;0,0;0,0;1,0;0,0;;;;;;;;;;;;;
294095,0;2024-01-15;09:29:00;COM VÍTIMA;FINALIZADA;BOA VIAGEM;AV ENGENHEIRO DOMINGOS FERREIRA;;RUA ANTONIO FALCAO;ESQUINA COM O CARREFOUR;BOA VIAGEM;;;COLISÃO LATERAL;1,0;1,0;0,0;0,0;0,0;0,0;0,0;0,0;0,0;2,0;0,0;;;;;;;;;;;;;
294104,0;2024-01-16;06:04:00;COM VÍTIMA;FINALIZADA;IPUTINGA;AV CAXANGA;;;NO SEMAFORO 533 PROX. A IPUTINGA AUTOMOVEIS;IPUTINGA;;;COLISÃO LATERAL;1,0;1,0;0,0;0,0;0,0;0,0;0,0;0,0;0,0;1,0;0,0;;;;;;;;;;;;;
294117,0;2024-01-16;07:50:00;COM VÍTIMA;FINALIZADA;CASA AMARELA;RUA LUIZ CESARIO DE MELO;;;EM FRENTE AO ARMAZEM SV FERRAGENS / EM FRENTE A MARTENIDADE BARROS LIMA;CASA AMARELA;;;COLISÃO;0,0;1,0;0,0;0,0;0,0;0,0;0,0;0,0;0,0;1,0;0,0;;;;;;;;;;;;;
294121,0;2024-01-16;08:40:00;COM VÍTIMA;FINALIZADA;BOA VIAGEM;AVENIDA CELSO FURTADO (VIA MANGUE);;;SENTIDO BOA VIAGEM APOS O SHOPPING RIO MAR;BOA VIAGEM;;;COLISÃO;0,0;1,0;0,0;0,0;0,0;0,0;0,0;0,0;0,0;1,0;0,0;;;;;;;;;;;;;
294122,0;2024-01-16;08:41:00;COM VÍTIMA;FINALIZADA;BOA VIAGEM;AV DES JOSE NEVES;;;PROX. A ENTRADA DO SHOPPING RECIFE;BOA VIAGEM;;;COLISÃO LATERAL;0,0;1,0;0,0;0,0;0,0;0,0;0,0;0,0;0,0;1,0;0,0;;;;;;;;;;;;;
294124,0;2024-01-16;08:46:00;COM VÍTIMA;DUPLICIDADE;BOA VIAGEM;AV DOM JOAO VI;;;POR TRAS DO SHOOPING RECIFE BEIRA CANAL;BOA VIAGEM;;;COLISÃO TRASEIRA;1,0;1,0;0,0;0,0;0,0;0,0;0,0;0,0;0,0;1,0;0,0;;;;;;;;;;;;;
294142,0;2024-01-16;11:00:00;COM VÍTIMA;FINALIZADA;DOIS UNIDOS;AV HILDEBRANDO DE VASCONCELOS;2495;;PROX A VIDRAÇARIA SÃO JOSE  E ARMAZEM BERLIM;DOIS UNIDOS;;;COLISÃO;0,0;1,0;0,0;0,0;0,0;0,0;0,0;0,0;0,0;1,0;0,0;;;;;;;;;;;;;
294157,0;2024-01-16;12:36:00;COM VÍTIMA;FINALIZADA;SAN MARTIN;AV ENGENHEIRO ABDIAS DE CARVALHO;201;;CHESF / UPA DE TORROES SENTIDO CURADO;SAN MARTIN;;;COLISÃO LATERAL;0,0;1,0;0,0;0,0;0,0;0,0;1,0;0,0;0,0;1,0;0,0;;;;;;;;;;;;;
294158,0;2024-01-16;12:38:00;COM VÍTIMA;FINALIZADA;IMBIRIBEIRA;AV MARECHAL MASCARENHAS DE MORAES;6217;;EM FRENTE AO AEROPORTO DO RECIFE;IMBIRIBEIRA;;;COLISÃO LATERAL;1,0;1,0;0,0;0,0;0,0;0,0;0,0;0,0;0,0;1,0;0,0;;;;;;;;;;;;;
294167,0;2024-01-16;02:27:00;COM VÍTIMA;FINALIZADA;IMBIRIBEIRA;RUA JAMAICA;188;;EM FRENTE AO CENTER MAIS SAUDE;IMBIRIBEIRA;;;COLISÃO FRONTAL;1,0;1,0;0,0;0,0;0,0;0,0;0,0;0,0;0,0;1,0;0,0;;;;;;;;;;;;;
294176,0;2024-01-16;03:58:00;COM VÍTIMA;FINALIZADA;GRACAS;RUA SENADOR ALBERTO PAIVA;98;;POR TRAZ DO COLEGIO SAO  LUIZ;GRACAS;;;COLISÃO TRASEIRA;1,0;1,0;0,0;0,0;0,0;0,0;0,0;0,0;0,0;1,0;0,0;;;;;;;;;;;;;
294178,0;2024-01-16;04:16:00;SEM VÍTIMA;FINALIZADA;IMBIRIBEIRA;AV MARECHAL MASCARENHAS DE MORAES;;;AO LADO DO ATACADO DOS PRESENTES;IMBIRIBEIRA;;;COLISÃO LATERAL;0,0;0,0;0,0;0,0;0,0;0,0;1,0;1,0;0,0;0,0;0,0;;;;;;;;;;;;;
294179,0;2024-01-16;04:26:00;SEM VÍTIMA;FINALIZADA;ILHA DO RETIRO;AV ENGENHEIRO ABDIAS DE CARVALHO;;;SPORT CLUBE;ILHA DO RETIRO;;;COLISÃO TRASEIRA;1,0;0,0;0,0;0,0;0,0;1,0;0,0;0,0;0,0;0,0;0,0;;;;;;;;;;;;;
294182,0;2024-01-16;05:39:00;COM VÍTIMA;FINALIZADA;BOA VIAGEM;AV ENGENHEIRO DOMINGOS FERREIRA;;;PROXIMO AO CERPE E SPETTUS;BOA VIAGEM;;;COLISÃO LATERAL;1,0;1,0;0,0;0,0;0,0;0,0;0,0;0,0;0,0;2,0;0,0;;;;;;;;;;;;;
294188,0;2024-01-16;07:27:00;COM VÍTIMA;FINALIZADA;MADALENA;AV VISCONDE DE ALBUQUERQUE;401;;EM FRENTE AO MADALENA CENTER;MADALENA;;;COLISÃO;1,0;1,0;0,0;0,0;0,0;0,0;0,0;0,0;0,0;1,0;0,0;;;;;;;;;;;;;
294189,0;2024-01-16;07:40:00;COM VÍTIMA;CANCELADA;IMBIRIBEIRA;AV MARECHAL MASCARENHAS DE MORAES;;;EM FRENTE A FERREIRA COSTA;IMBIRIBEIRA;;;COLISÃO;1,0;1,0;0,0;0,0;0,0;0,0;0,0;0,0;0,0;1,0;0,0;;;;;;;;;;;;;
294190,0;2024-01-16;08:03:00;COM VÍTIMA;FINALIZADA;TORRE;RUA LEMOS TORRES;49;;EM FRENTE AO SHOPPING PLAZA;TORRE;;;COLISÃO;1,0;1,0;0,0;0,0;0,0;0,0;0,0;0,0;0,0;1,0;0,0;;;;;;;;;;;;;
294191,0;2024-01-16;08:17:00;COM VÍTIMA;FINALIZADA;BEBERIBE;RUA DO TRIUNFO;;AV BEBERIBE;DUZENTOS METROS APÓS O CAMPO DO DSANTA CRUZ SENTIDO ÁGUA FRIA;BEBERIBE;;;COLISÃO;1,0;1,0;0,0;0,0;0,0;0,0;0,0;0,0;0,0;1,0;0,0;;;;;;;;;;;;;
294205,0;2024-01-17;05:31:00;COM VÍTIMA;FINALIZADA;BOA VIAGEM;RUA PROFESSOR JOAO MEDEIROS;;RUA ERNESTO DE PAULA SANTOS;DROGASIL;BOA VIAGEM;;;COLISÃO;2,0;0,0;0,0;0,0;0,0;0,0;0,0;0,0;0,0;2,0;0,0;;;;;;;;;;;;;
294212,0;2024-01-17;06:25:00;COM VÍTIMA;FINALIZADA;IBURA;LAD DA COHAB;;;SUB. DA LADEIRA DA COHAB UR-01;IBURA;;;COLISÃO LATERAL;1,0;1,0;0,0;0,0;0,0;0,0;0,0;0,0;0,0;2,0;0,0;;;;;;;;;;;;;
294228,0;2024-01-17;07:58:00;COM VÍTIMA;FINALIZADA;IBURA;AV DOIS RIOS;;;IBURA DE BAIXO EM FRENTE AO MR SUPERMERCADO;IBURA;;;COLISÃO;0,0;1,0;0,0;0,0;0,0;0,0;0,0;0,0;0,0;1,0;0,0;;;;;;;;;;;;;
294232,0;2024-01-17;08:06:00;COM VÍTIMA;FINALIZADA;CASA AMARELA;RUA PAULA BATISTA;715;;NA FRENTE DO SUPER BOM PREÇO;CASA AMARELA;;;COLISÃO;1,0;1,0;0,0;0,0;0,0;0,0;0,0;0,0;0,0;1,0;0,0;;;;;;;;;;;;;
294234,0;2024-01-17;08:11:00;COM VÍTIMA;FINALIZADA;IBURA;AV DOIS RIOS;;;CTTU- BATEDORES EM ESCOLTA;IBURA;;;COLISÃO;1,0;1,0;0,0;0,0;0,0;0,0;0,0;0,0;0,0;1,0;0,0;;;;;;;;;;;;;
294239,0;2024-01-17;08:26:00;COM VÍTIMA;FINALIZADA;IMBIRIBEIRA;AV MARECHAL MASCARENHAS DE MORAES;;;PROX. AO GRAU TECNICO E GRILLO DECOR SENT. AFOGADOS;IMBIRIBEIRA;;;COLISÃO LATERAL;0,0;1,0;0,0;0,0;0,0;0,0;0,0;0,0;0,0;1,0;0,0;;;;;;;;;;;;;
294244,0;2024-01-17;09:08:00;COM VÍTIMA;FINALIZADA;CASA AMARELA;AV NORTE MIGUEL ARRAES DE ALENCAR;;;EM FRENTE A IGREJA ADVENTISTA SENT. CIDADE;CASA AMARELA;;;ATROPELAMENTO DE PESSOA;1,0;1,0;0,0;0,0;1,0;0,0;0,0;0,0;0,0;2,0;0,0;;;;;;;;;;;;;
294248,0;2024-01-17;09:17:00;COM VÍTIMA;DUPLICIDADE;CASA AMARELA;AV NORTE MIGUEL ARRAES DE ALENCAR;;;APOS O SUPERMERCADO DESCONTÃO EM FRENTE A IGREJA ADVENTISTA;CASA AMARELA;;;COLISÃO;0,0;1,0;0,0;0,0;0,0;0,0;0,0;0,0;0,0;1,0;0,0;;;;;;;;;;;;;
294253,0;2024-01-17;09:46:00;COM VÍTIMA;FINALIZADA;IMBIRIBEIRA;AV MARECHAL MASCARENHAS DE MORAES;;AV ENGENHEIRO ALVES DE SOUZA;EM FRENTE A  HONDA  ( PROX AO SEMAFORO 288  );IMBIRIBEIRA;;;COLISÃO TRASEIRA;1,0;1,0;0,0;0,0;0,0;0,0;0,0;0,0;0,0;1,0;0,0;;;;;;;;;;;;;
294258,0;2024-01-17;10:14:00;COM VÍTIMA;FINALIZADA;BOA VIAGEM;AV BOA VIAGEM;2554;;DEPOIS DA PADARIOA BOA VIAGEM//;BOA VIAGEM;;;COLISÃO;0,0;1,0;0,0;0,0;0,0;0,0;0,0;0,0;0,0;1,0;0,0;;;;;;;;;;;;;
294259,0;2024-01-17;10:14:00;COM VÍTIMA;FINALIZADA;JORDAO;AV MARIA IRENE;72;;JORDÃO BAIXO , PROX A ACADEMIA GREEN FIT;JORDAO;;;COLISÃO;0,0;1,0;0,0;0,0;0,0;0,0;0,0;0,0;0,0;1,0;0,0;;;;;;;;;;;;;
294260,0;2024-01-17;10:15:00;COM VÍTIMA;FINALIZADA;AFOGADOS;RUA COSME VIANA;;;EM FRENTE A LOJA  TUPAN;AFOGADOS;;;COLISÃO FRONTAL;1,0;1,0;0,0;0,0;0,0;0,0;0,0;0,0;0,0;1,0;0,0;;;;;;;;;;;;;
294264,0;2024-01-17;10:29:00;COM VÍTIMA;DUPLICIDADE;BOA VIAGEM;PRC DA BOA VIAGEM;;;EM FRENTE AO QUIOSQUE 15 E PROX AO EDIFICIO MARIA EDUARDA;BOA VIAGEM;;;COLISÃO;0,0;1,0;0,0;0,0;0,0;0,0;0,0;0,0;0,0;1,0;0,0;;;;;;;;;;;;;
294272,0;2024-01-17;11:49:00;COM VÍTIMA;FINALIZADA;ILHA DO RETIRO;RUA COSME VIANA;;;AO LADO DA TUPAN;ILHA DO RETIRO;;;COLISÃO LATERAL;0,0;1,0;0,0;0,0;0,0;0,0;0,0;0,0;0,0;1,0;0,0;;;;;;;;;;;;;
294276,0;2024-01-17;12:30:00;COM VÍTIMA;FINALIZADA;MORRO DA CONCEICAO;RUA ITACOATIARA;;;PROX AO CALDO DE CANA TERENCIO / PROX AO BAR DO TONHO;MORRO DA CONCEICAO;;;COLISÃO;0,0;1,0;0,0;0,0;0,0;0,0;0,0;0,0;0,0;1,0;0,0;;;;;;;;;;;;;
294284,0;2024-01-17;02:06:00;COM VÍTIMA;FINALIZADA;PRADO;RUA GOMES TABORDA;869;;PROXIMO A DIR MOTOS E ECOPET;PRADO;;;COLISÃO;0,0;1,0;0,0;0,0;0,0;0,0;0,0;0,0;0,0;1,0;0,0;;;;;;;;;;;;;
294297,0;2024-01-17;05:21:00;SEM VÍTIMA;FINALIZADA;CABANGA;AV SUL;1450;;EM FRENTE A LOJA FEXIS CROMAGEM;CABANGA;;;COLISÃO TRASEIRA;2,0;0,0;0,0;0,0;0,0;0,0;0,0;0,0;0,0;0,0;0,0;;;;;;;;;;;;;
294318,0;2024-01-17;07:40:00;COM VÍTIMA;FINALIZADA;CASA AMARELA;RUA PAULA BATISTA;270;;E/F AO PREDIO MORADA PAULA BATISTA;CASA AMARELA;;;COLISÃO LATERAL;0,0;1,0;0,0;0,0;0,0;1,0;0,0;0,0;0,0;1,0;0,0;;;;;;;;;;;;;
294323,0;2024-01-17;09:06:00;COM VÍTIMA;CANCELADA;AGUA FRIA;RUA LADEIRA DE PEDRA;;;APÓS O TERMINAL DO ALTO DO PASCOAL;AGUA FRIA;;;COLISÃO FRONTAL;1,0;1,0;0,0;0,0;0,0;0,0;0,0;0,0;0,0;1,0;0,0;;;;;;;;;;;;;
294337,0;2024-01-18;04:44:00;VÍTIMA FATAL;CANCELADA;AGUA FRIA;RUA ELZA;165;;PROXIMO DA LADEIRA DE PEDRA;AGUA FRIA;;;CHOQUE;1,0;1,0;0,0;0,0;0,0;0,0;0,0;0,0;0,0;1,0;1,0;;;;;;;;;;;;;
294350,0;2024-01-18;07:05:00;COM VÍTIMA;FINALIZADA;IMBIRIBEIRA;RUA PARIS;;;PROX. A LAGOA DO ARAÇA;IMBIRIBEIRA;;;COLISÃO LATERAL;0,0;1,0;0,0;0,0;0,0;0,0;0,0;0,0;0,0;1,0;0,0;;;;;;;;;;;;;
294358,0;2024-01-18;08:04:00;SEM VÍTIMA;FINALIZADA;IMBIRIBEIRA;RUA RIO ITORORO;;AV MARECHAL MASCARENHAS DE MORAES;;IMBIRIBEIRA;;;COLISÃO;2,0;0,0;0,0;0,0;0,0;0,0;0,0;0,0;0,0;0,0;0,0;;;;;;;;;;;;;
294360,0;2024-01-18;08:12:00;COM VÍTIMA;FINALIZADA;ENCRUZILHADA;RUA QUARENTA E OITO;815;;EM FRENTE A LOJA SONHAR COLCHOES;ENCRUZILHADA;;;COLISÃO LATERAL;0,0;2,0;0,0;0,0;0,0;0,0;0,0;0,0;0,0;1,0;0,0;;;;;;;;;;;;;
294363,0;2024-01-18;08:35:00;SEM VÍTIMA;FINALIZADA;CORDEIRO;RUA DR JOAO LACERDA;395;;ESTACIONAMENTO DO PEPART, AO LADO DO DHPP;CORDEIRO;;;COLISÃO LATERAL;1,0;0,0;0,0;0,0;0,0;0,0;0,0;1,0;0,0;0,0;0,0;;;;;;;;;;;;;
294365,0;2024-01-18;08:39:00;COM VÍTIMA;FINALIZADA;CAXANGA;AV CAXANGA;;;EM FRENTE AO HOSPITAL SANTA TEREZINHA E PROX AO BOI E BRASA DA CAXANGA;CAXANGA;;;COLISÃO;0,0;1,0;0,0;0,0;0,0;0,0;0,0;0,0;0,0;1,0;0,0;;;;;;;;;;;;;
294390,0;2024-01-18;12:01:00;COM VÍTIMA;FINALIZADA;MADALENA;RUA JANUARIO BARBOSA;879;AV BEIRA RIO;EM FRENTE AO EDIFICIO QUATRO ESTAÇÃO;MADALENA;;;COLISÃO FRONTAL;1,0;1,0;0,0;0,0;0,0;0,0;0,0;0,0;0,0;1,0;0,0;;;;;;;;;;;;;
294408,0;2024-01-18;03:43:00;COM VÍTIMA;FINALIZADA;CASA FORTE;AV DEZESSETE DE AGOSTO;1461;;PROXIMO AO MUSEU DO HOMEM DO NORDESTE E HOSPITAL ERMIRIO DE MORAES;CASA FORTE;;;COLISÃO;0,0;1,0;0,0;0,0;0,0;0,0;0,0;0,0;0,0;1,0;0,0;;;;;;;;;;;;;
294412,0;2024-01-18;04:48:00;COM VÍTIMA;FINALIZADA;CAMPO GRANDE;EST DE BELEM;1198;;EM FRENTE AO SUPERMERCADO ECONOMICO;CAMPO GRANDE;;;COLISÃO;0,0;1,0;0,0;0,0;0,0;0,0;0,0;0,0;0,0;1,0;0,0;;;;;;;;;;;;;
294413,0;2024-01-18;04:55:00;COM VÍTIMA;FINALIZADA;SOLEDADE;RUA JOAO FERNANDES VIEIRA;335;;POR TRAS DA CELPE E NA PRAÇA OSWALDO CRUZ;SOLEDADE;;;COLISÃO;0,0;1,0;0,0;0,0;0,0;0,0;0,0;0,0;0,0;1,0;0,0;;;;;;;;;;;;;
294418,0;2024-01-18;06:21:00;COM VÍTIMA;FINALIZADA;CAMPO GRANDE;RUA FRANKLIN TAVORA;873;;PROX AO ESTABELECIMENTO NADECON MADEIRA;CAMPO GRANDE;;;COLISÃO FRONTAL;0,0;2,0;0,0;0,0;0,0;0,0;0,0;0,0;0,0;1,0;0,0;;;;;;;;;;;;;
294420,0;2024-01-18;06:29:00;COM VÍTIMA;FINALIZADA;CAMPINA DO BARRETO;RUA CORONEL URBANO RIBEIRO DE SENA;;RUA CONSTANCA;ARVORE DA BARRIGUDA;CAMPINA DO BARRETO;;;ATROPELAMENTO DE PESSOA;1,0;0,0;0,0;0,0;1,0;0,0;0,0;0,0;0,0;1,0;0,0;;;;;;;;;;;;;
294421,0;2024-01-18;06:52:00;COM VÍTIMA;FINALIZADA;ENCRUZILHADA;AV NORTE MIGUEL ARRAES DE ALENCAR;858;;BANCO SANTANDER;ENCRUZILHADA;;;COLISÃO LATERAL;0,0;2,0;0,0;0,0;0,0;0,0;0,0;0,0;0,0;1,0;0,0;;;;;;;;;;;;;
294436,0;2024-01-18;11:50:00;COM VÍTIMA;FINALIZADA;CAMPO GRANDE;EST DE BELEM;;RUA PRUDENTE DE MORAES;POSTO PETRONACA / PIZZARIA PASSIRA;CAMPO GRANDE;;;COLISÃO;1,0;1,0;0,0;0,0;0,0;0,0;0,0;0,0;0,0;2,0;0,0;;;;;;;;;;;;;
294444,0;2024-01-19;05:25:00;COM VÍTIMA;FINALIZADA;BOA VIAGEM;RUA BRUNO VELOSO;;;EM FRENTE A ACADEMIA SELFIT;BOA VIAGEM;335,0;;COLISÃO;2,0;0,0;0,0;0,0;0,0;0,0;0,0;0,0;0,0;1,0;0,0;;;;;;;;;;;;;
294448,0;2024-01-19;06:58:00;COM VÍTIMA;FINALIZADA;BOA VIAGEM;AV MARECHAL JUAREZ TAVORA;;;PROX. AO SUPERMERCADO RM E CANAL , EM FRENTE AO ARMAZEM ECOSEL;BOA VIAGEM;;;COLISÃO LATERAL;0,0;1,0;0,0;0,0;0,0;0,0;0,0;0,0;0,0;1,0;0,0;;;;;;;;;;;;;
294462,0;2024-01-19;07:28:00;COM VÍTIMA;DUPLICIDADE;BOA VIAGEM;AV MARECHAL JUAREZ TAVORA;315;;E/F ARMAZEM ECOZEL;BOA VIAGEM;;;COLISÃO LATERAL;1,0;1,0;0,0;0,0;0,0;0,0;0,0;0,0;0,0;1,0;0,0;;;;;;;;;;;;;
294463,0;2024-01-19;07:34:00;COM VÍTIMA;FINALIZADA;TEJIPIO;AV DR JOSE RUFINO;3048;;EM FRENTE AO COLEGIO ALBERTO TORRES;TEJIPIO;;;;1,0;1,0;0,0;0,0;0,0;0,0;0,0;0,0;0,0;1,0;0,0;;;;;;;;;;;;;
294467,0;2024-01-19;07:42:00;COM VÍTIMA;FINALIZADA;ENCRUZILHADA;RUA CONS PORTELA;;;PROX AO COLEGIO DOM VITAL / E GALERIA PORTELA;ENCRUZILHADA;;;COLISÃO LATERAL;0,0;2,0;0,0;0,0;0,0;0,0;0,0;0,0;0,0;1,0;0,0;;;;;;;;;;;;;
294471,0;2024-01-19;08:09:00;COM VÍTIMA;FINALIZADA;PINA;AVENIDA CELSO FURTADO (VIA MANGUE);;;SENT. CIDADE, PROX. A OBRA. SOLICITANTE NÃO SOUBE PASSAR MAIS INF. PROX A OBRA DO PARQUE EDUARDO CAMPO / NA ENTRADA DO ANTIGO AEROPORTO;PINA;;;COLISÃO LATERAL;0,0;1,0;0,0;0,0;0,0;0,0;0,0;0,0;0,0;1,0;0,0;;;;;;;;;;;;;
294473,0;2024-01-19;08:45:00;COM VÍTIMA;FINALIZADA;PINA;AV ENGENHEIRO DOMINGOS FERREIRA;;;PROX A AP BEBIDAS /  PROX AO POSTO DE GASOLINA MULTI POSTO;PINA;;;COLISÃO;0,0;1,0;0,0;0,0;0,0;0,0;0,0;0,0;0,0;1,0;0,0;;;;;;;;;;;;;
294474,0;2024-01-19;08:50:00;COM VÍTIMA;FINALIZADA;SANTO AMARO;AV CRUZ CABUGA;;RUA VINTE E QUATRO DE MAIO;CONTAX;SANTO AMARO;;;COLISÃO COM CICLISTA;1,0;0,0;0,0;1,0;0,0;0,0;0,0;0,0;0,0;1,0;0,0;;;;;;;;;;;;;
294478,0;2024-01-19;09:15:00;COM VÍTIMA;FINALIZADA;SAO JOSE;AV ENGENHEIRO JOSE ESTELITA;;;PROX. AO VIADUTO DAS CINCO PONTAS SENT. CIDADE;SAO JOSE;;;COLISÃO TRASEIRA;1,0;1,0;0,0;0,0;0,0;0,0;0,0;0,0;0,0;2,0;0,0;;;;;;;;;;;;;
294482,0;2024-01-19;09:45:00;COM VÍTIMA;FINALIZADA;BOA VIAGEM;RUA PADRE CARAPUCEIRO;;;PROX AO SHOPPING RECIFE / PROX A OBRA DO SUPERMERCADO MIX MATHEUS O ANTIGO HIPER BOMPREÇO;BOA VIAGEM;;;COLISÃO;0,0;1,0;0,0;0,0;0,0;0,0;0,0;0,0;0,0;1,0;0,0;;;;;;;;;;;;;
294498,0;2024-01-19;11:42:00;COM VÍTIMA;FINALIZADA;CIDADE UNIVERSITARIA;RUA GENERAL POLIDORO;982;;EM FRENTE A FARMACIA PAGUE MENOS;CIDADE UNIVERSITARIA;;;ATROPELAMENTO DE PESSOA;0,0;1,0;0,0;0,0;1,0;0,0;0,0;0,0;0,0;2,0;0,0;;;;;;;;;;;;;
294505,0;2024-01-19;01:00:00;COM VÍTIMA;FINALIZADA;MADALENA;RUA REAL DA TORRE;;;PROX AO MERCADO PUBLICO DA MADALENA;MADALENA;;;COLISÃO;0,0;1,0;0,0;0,0;0,0;0,0;0,0;0,0;0,0;1,0;0,0;;;;;;;;;;;;;
294516,0;2024-01-19;03:11:00;COM VÍTIMA;FINALIZADA;TORRE;RUA SOUZA BANDEIRA;526;;PROXIMO A PADARIA DELICIA DO PÃO E A FARMACIA DO TRABALHADOR;TORRE;;;COLISÃO;0,0;1,0;0,0;0,0;0,0;0,0;0,0;0,0;0,0;1,0;0,0;;;;;;;;;;;;;
294517,0;2024-01-19;03:11:00;COM VÍTIMA;FINALIZADA;SAO JOSE;AV SUL;;;EM BAIXO DO PONTILHÃO SENTIDO AS TORES GEMEAS;SAO JOSE;;;COLISÃO;1,0;0,0;0,0;0,0;0,0;0,0;0,0;0,0;0,0;1,0;0,0;;;;;;;;;;;;;
294519,0;2024-01-19;03:15:00;COM VÍTIMA;FINALIZADA;SANTO AMARO;RUA DO POMBAL;546;;EM FRENTE AO IML;SANTO AMARO;;;COLISÃO;0,0;1,0;0,0;0,0;0,0;0,0;0,0;0,0;0,0;1,0;0,0;;;;;;;;;;;;;
294523,0;2024-01-19;03:44:00;SEM VÍTIMA;FINALIZADA;MANGUEIRA;RUA VINTE E UM DE ABRIL;1518;;EM FRENTE À MULTIAÇOS;MANGUEIRA;;;COLISÃO LATERAL;0,0;0,0;0,0;0,0;0,0;0,0;1,0;1,0;0,0;0,0;0,0;;;;;;;;;;;;;
294524,0;2024-01-19;04:47:00;COM VÍTIMA;FINALIZADA;CAMPO GRANDE;EST DE BELEM;;RUA ODORICO MENDES;E/F AO COLEGIO JESUS CRUCIFICADO;CAMPO GRANDE;;;COLISÃO TRASEIRA;1,0;1,0;0,0;0,0;0,0;0,0;0,0;0,0;0,0;1,0;0,0;;;;;;;;;;;;;
294525,0;2024-01-19;05:05:00;SEM VÍTIMA;FINALIZADA;ALTO SANTA TERESINHA;AV ANIBAL BENEVOLO;353;;TERMINAL DO ÔNIBUS;ALTO SANTA TERESINHA;;;COLISÃO FRONTAL;0,0;2,0;0,0;0,0;0,0;0,0;0,0;0,0;0,0;0,0;0,0;;;;;;;;;;;;;
294532,0;2024-01-19;06:08:00;COM VÍTIMA;FINALIZADA;SANTO AMARO;AV VISCONDE DE SUASSUNA;500;;SENAC;SANTO AMARO;;;COLISÃO LATERAL;1,0;1,0;0,0;0,0;0,0;0,0;0,0;0,0;0,0;1,0;0,0;;;;;;;;;;;;;
294554,0;2024-01-19;11:26:00;SEM VÍTIMA;CANCELADA;IBURA;AV DOM HELDER CAMARA;;;AO LADO DO ARMAZÉM ACHA AQUI;IBURA;;;COLISÃO;1,0;0,0;0,0;0,0;0,0;0,0;1,0;0,0;0,0;0,0;0,0;;;;;;;;;;;;;
294555,0;2024-01-19;11:41:00;COM VÍTIMA;FINALIZADA;CAJUEIRO;AV CIDADE DE MONTEIRO;;;ANTIGO AO RESTAURANTE TERRAÇO;CAJUEIRO;;;COLISÃO FRONTAL;0,0;2,0;0,0;0,0;0,0;0,0;0,0;0,0;0,0;2,0;0,0;;;;;;;;;;;;;