Protocolo;data;hora;natureza;situacao;bairro;endereco;numero;detalhe_endereco_acidente;complemento;bairro_cruzamento;num_semaforo;sentido_via;tipo;auto;moto;ciclom;ciclista;pedestre;onibus;caminhao;viatura;outros;vitimas;vitimasfatais;acidente_verificado;tempo_clima;situacao_semaforo;sinalizacao;condicao_via;conservacao_via;ponto_controle;situacao_placa;velocidade_max_via;mao_direcao;divisao_via1;divisao_via2;divisao_via3
296904,0;2024-02-12;03:11:00;COM VÍTIMA;DUPLICIDADE;NOVA DESCOBERTA;AV NORTE MIGUEL ARRAES DE ALENCAR;;RUA NOVA DESCOBERTA;PRÓXIMO À ANTIGA GARAGEM DA GLOBO E A UPA;NOVA DESCOBERTA;;;COLISÃO LATERAL;0,0;0,0;0,0;0,0;0,0;0,0;0,0;0,0;0,0;1,0;0,0;;;;;;;;;;;;;
296906,0;2024-02-12;03:33:00;COM VÍTIMA;FINALIZADA;CASA AMARELA;AV NORTE MIGUEL ARRAES DE ALENCAR;;;PROX AO COLEGIO CLOTILDE DE OLIVEIRA;CASA AMARELA;;;COLISÃO LATERAL;1,0;1,0;0,0;0,0;0,0;0,0;0,0;0,0;0,0;1,0;0,0;;;;;;;;;;;;;
296907,0;2024-02-12;03:58:00;COM VÍTIMA;FINALIZADA;SANTO AMARO;AV CRUZ CABUGA;;;APÓS O MIX MATHEUS;SANTO AMARO;;;COLISÃO LATERAL;2,0;0,0;0,0;0,0;0,0;0,0;0,0;0,0;0,0;3,0;0,0;;;;;;;;;;;;;
296920,0;2024-02-13;02:10:00;SEM VÍTIMA;FINALIZADA;IPSEP;AV RECIFE;;;EM FRENTE AO POSTO  GASOLINA FEDERAL;IPSEP;;;CAPOTAMENTO;1,0;0,0;0,0;0,0;0,0;0,0;0,0;0,0;0,0;0,0;0,0;;;;;;;;;;;;;
296934,0;2024-02-13;09:59:00;COM VÍTIMA;FINALIZADA;BARRO;RUA EVALDO BRAGA;510;;DEPOIS DO PAGODE DO CHATO / CASA NUMERO 100;BARRO;;;COLISÃO;0,0;1,0;0,0;0,0;0,0;0,0;0,0;0,0;0,0;1,0;0,0;;;;;;;;;;;;;
296938,0;2024-02-13;10:45:00;COM VÍTIMA;FINALIZADA;PINA;RUA NOGUEIRA DE SOUZA;96;;PRÓX AO CALDINHO DO NENÉM;PINA;;;COLISÃO;0,0;1,0;0,0;0,0;0,0;0,0;0,0;0,0;0,0;1,0;0,0;;;;;;;;;;;;;
296939,0;2024-02-13;11:45:00;COM VÍTIMA;FINALIZADA;SANTO AMARO;AV GOVERNADOR AGAMENON MAGALHAES;8276;;SENTIDO BOA VIAGEM, PRÓX AO ANTIGO UNICORDES, EM FRENTE AO POSTO BR;SANTO AMARO;;;COLISÃO LATERAL;1,0;1,0;0,0;0,0;0,0;0,0;0,0;0,0;0,0;1,0;0,0;;;;;;;;;;;;;
296942,0;2024-02-13;01:21:00;SEM VÍTIMA;FINALIZADA;AFOGADOS;RUA VINTE E UM DE ABRIL;;;EM FRENTE AO Nº 1343;AFOGADOS;;;COLISÃO LATERAL;0,0;1,0;0,0;0,0;0,0;0,0;0,0;1,0;0,0;0,0;0,0;;;;;;;;;;;;;
296967,0;2024-02-14;12:44:00;COM VÍTIMA;FINALIZADA;JORDAO;AV DONA CARENTINA;;;PRÓXIMO A LADEIRA DO S, IGREJA ASSEMBLÉIA DE DEUS;JORDAO;;;COLISÃO;1,0;1,0;0,0;0,0;0,0;0,0;0,0;0,0;0,0;1,0;0,0;;;;;;;;;;;;;
296968,0;2024-02-14;12:52:00;COM VÍTIMA;FINALIZADA;CAMPO GRANDE;RUA JERONIMO VILELA;77;;VETERINARIA BICHO SOLTO;CAMPO GRANDE;;;COLISÃO;1,0;1,0;0,0;0,0;0,0;0,0;0,0;0,0;0,0;1,0;0,0;;;;;;;;;;;;;
296985,0;2024-02-14;09:38:00;COM VÍTIMA;FINALIZADA;IBURA;AV RECIFE;;;APOS O SAL E BRASA, SENTIDO BOA VIAGEM, VIADUTO TANCREDO NEVES;IBURA;;;COLISÃO LATERAL;1,0;1,0;0,0;0,0;0,0;0,0;0,0;0,0;0,0;1,0;0,0;;;;;;;;;;;;;
296992,0;2024-02-14;12:13:00;COM VÍTIMA;FINALIZADA;BAIRRO DO RECIFE;RUA DO BOM JESUS;240;;PRÓX A PRAÇA DO ARSENAL;BAIRRO DO RECIFE;;;COLISÃO;0,0;1,0;0,0;0,0;0,0;0,0;0,0;0,0;0,0;1,0;0,0;;;;;;;;;;;;;
296998,0;2024-02-14;01:42:00;COM VÍTIMA;FINALIZADA;SANTO AMARO;RUA PRINCESA IZABEL;;;ENTRE  AO PARQUE TREZE DE MAIO  E/F A FACULDADE DE DIREITO;SANTO AMARO;;;ATROPELAMENTO DE PESSOA;0,0;0,0;0,0;0,0;1,0;0,0;0,0;0,0;0,0;1,0;0,0;;;;;;;;;;;;;
297000,0;2024-02-14;01:59:00;SEM VÍTIMA;CANCELADA;AGUA FRIA;RUA SAO BENTO;;;PRÓXIMO AO POSTO BR;AGUA FRIA;;;COLISÃO;0,0;0,0;0,0;0,0;0,0;0,0;0,0;1,0;0,0;0,0;0,0;;;;;;;;;;;;;
297005,0;2024-02-14;03:18:00;SEM VÍTIMA;FINALIZADA;ESTANCIA;AV RECIFE;493;RUA NOSSA SENHORA DE FATIMA;SAÍDA DE JARDIM SÃO PAULO;ESTANCIA;;SUBURBIO;COLISÃO;1,0;0,0;0,0;0,0;0,0;0,0;1,0;1,0;0,0;0,0;0,0;;;;;;;;;;;;;
297006,0;2024-02-14;03:34:00;COM VÍTIMA;FINALIZADA;MADALENA;EST DOS REMEDIOS;;;AO ALDO  DO VERDE FRUTE;MADALENA;;;COLISÃO TRASEIRA;1,0;1,0;0,0;0,0;0,0;0,0;0,0;0,0;0,0;1,0;0,0;;;;;;;;;;;;;
297011,0;2024-02-14;04:05:00;COM VÍTIMA;FINALIZADA;JOANA BEZERRA;AV ADVOGADO JOSE PAULO CAVALCANTI;866;;FORUM DE JOANA BEZERRA;JOANA BEZERRA;;;COLISÃO LATERAL;0,0;1,0;0,0;0,0;0,0;0,0;0,0;0,0;0,0;1,0;0,0;;;;;;;;;;;;;
297013,0;2024-02-14;04:12:00;COM VÍTIMA;FINALIZADA;IBURA;AV DOIS RIOS;84;;NA FRENTE DO POSTO MAIS  E DEPOIS DA  UPA;IBURA;;;ATROPELAMENTO DE PESSOA;0,0;1,0;0,0;0,0;1,0;0,0;0,0;0,0;0,0;2,0;0,0;;;;;;;;;;;;;
297018,0;2024-02-14;06:15:00;COM VÍTIMA;FINALIZADA;AFOGADOS;RUA SAO MIGUEL;940;;CERPE;AFOGADOS;;;COLISÃO LATERAL;0,0;0,0;0,0;0,0;0,0;0,0;0,0;0,0;0,0;1,0;0,0;;;;;;;;;;;;;
297021,0;2024-02-14;06:25:00;COM VÍTIMA;FINALIZADA;IMBIRIBEIRA;RUA ARQUITETO LUIZ NUNES;;;ATRAS DO AÇAI;IMBIRIBEIRA;;;COLISÃO LATERAL;1,0;1,0;0,0;0,0;0,0;0,0;0,0;0,0;0,0;1,0;0,0;;;;;;;;;;;;;
297028,0;2024-02-14;06:55:00;COM VÍTIMA;CANCELADA;ESTANCIA;AV RECIFE;12994;;ATACADÃO;ESTANCIA;;;COLISÃO LATERAL;0,0;0,0;0,0;0,0;0,0;0,0;0,0;0,0;0,0;1,0;0,0;;;;;;;;;;;;;
297034,0;2024-02-14;09:20:00;SEM VÍTIMA;FINALIZADA;AFLITOS;AV CONS ROSA E SILVA;798;RUA AMELIA;;AFLITOS;;;CHOQUE;1,0;0,0;0,0;0,0;0,0;0,0;0,0;0,0;0,0;0,0;0,0;;;;;;;;;;;;;
297063,0;2024-02-15;09:02:00;COM VÍTIMA;FINALIZADA;SAO JOSE;AV SUL;;;ANTES DA PRAÇA SÉRGIO LORETO, E DA LOJA MINEIRO RODAS;SAO JOSE;;;COLISÃO;0,0;1,0;0,0;0,0;0,0;0,0;0,0;0,0;0,0;1,0;0,0;;;;;;;;;;;;;
297069,0;2024-02-15;09:55:00;COM VÍTIMA;FINALIZADA;SAO JOSE;AV DANTAS BARRETO;;;SEMAFORO 381;SAO JOSE;;;ATROPELAMENTO DE PESSOA;0,0;0,0;0,0;0,0;1,0;0,0;0,0;0,0;0,0;1,0;0,0;;;;;;;;;;;;;
297079,0;2024-02-15;11:33:00;COM VÍTIMA;FINALIZADA;AREIAS;AV DR JOSE RUFINO;1122;;EM FRENTE AO MERCADO PUBLICO DE AREIS  / EM FRENTE AO SENAI;AREIAS;;;ATROPELAMENTO DE PESSOA;0,0;1,0;0,0;0,0;1,0;0,0;0,0;0,0;0,0;2,0;0,0;;;;;;;;;;;;;
297081,0;2024-02-15;11:36:00;COM VÍTIMA;FINALIZADA;PINA;AVENIDA CELSO FURTADO (VIA MANGUE);645;;EM CIMA DO VIADUTO, SENTIDO SHOPPING RIO MAR;PINA;;;COLISÃO;0,0;1,0;0,0;0,0;0,0;0,0;0,0;0,0;0,0;1,0;0,0;;;;;;;;;;;;;
297087,0;2024-02-15;12:21:00;COM VÍTIMA;FINALIZADA;BOA VIAGEM;RUA PADRE CARAPUCEIRO;968;;PRÓX A TORRE GENETE COSTA, POR TRÁS DO ANTIGO BOMPREÇO;BOA VIAGEM;;;COLISÃO;0,0;1,0;0,0;0,0;0,0;0,0;0,0;0,0;0,0;1,0;0,0;;;;;;;;;;;;;
297090,0;2024-02-15;12:26:00;COM VÍTIMA;FINALIZADA;SAO JOSE;AV SUL;1562;;APÓS O MINISTÉRIO DA FAZENDA,  SENTIDO CABO EUTROPIO;SAO JOSE;;;COLISÃO LATERAL;1,0;1,0;0,0;0,0;0,0;0,0;0,0;0,0;0,0;1,0;0,0;;;;;;;;;;;;;
297091,0;2024-02-15;01:35:00;COM VÍTIMA;FINALIZADA;PINA;AV CONSELHEIRO AGUIAR;1555;;GALERIA TRADE CENTER;PINA;;;COLISÃO LATERAL;0,0;0,0;0,0;0,0;0,0;0,0;0,0;0,0;0,0;1,0;0,0;;;;;;;;;;;;;
297096,0;2024-02-15;03:54:00;COM VÍTIMA;FINALIZADA;BOA VIAGEM;RUA JOAO DIAS MARTINS;476;RUA DONA MAGINA PONTUAL;EDF MIRELLA;BOA VIAGEM;;;COLISÃO LATERAL;1,0;0,0;0,0;0,0;0,0;0,0;0,0;0,0;0,0;1,0;0,0;;;;;;;;;;;;;
297111,0;2024-02-15;08:50:00;SEM VÍTIMA;FINALIZADA;AFLITOS;AV CONS ROSA E SILVA;1460;;EM FRENTE AO SHOPPING ETC;AFLITOS;;;COLISÃO;2,0;0,0;0,0;0,0;0,0;0,0;0,0;0,0;0,0;0,0;0,0;;;;;;;;;;;;;
297117,0;2024-02-16;12:54:00;COM VÍTIMA;FINALIZADA;PRADO;AV ENGENHEIRO ABDIAS DE CARVALHO;;RUA JOAO IVO DA SILVA;;PRADO;;;COLISÃO TRANSVERSAL;1,0;0,0;0,0;0,0;0,0;0,0;1,0;0,0;0,0;1,0;0,0;;;;;;;;;;;;;
297138,0;2024-02-16;06:52:00;COM VÍTIMA;FINALIZADA;GRACAS;RUA JOAQUIM NABUCO;;;EM FRENTE A ACADEMIA TREINO FITINS , SENTIDO JOSE OZOORIO , SENTIDO BEIRA RIO;GRACAS;;;COLISÃO;0,0;1,0;0,0;0,0;0,0;0,0;0,0;0,0;0,0;1,0;0,0;;;;;;;;;;;;;
297149,0;2024-02-16;08:18:00;COM VÍTIMA;CANCELADA;BARRO;AV DR JOSE RUFINO;2561;;PROX. A SOCORRO VENANCIO RECEPCÕES, EM FRENTE AO COLEGIO DECISÃO KIDS;BARRO;;;COLISÃO FRONTAL;1,0;1,0;0,0;0,0;0,0;0,0;0,0;0,0;0,0;1,0;0,0;;;;;;;;;;;;;
297164,0;2024-02-16;10:23:00;COM VÍTIMA;FINALIZADA;AGUA FRIA;AV BEBERIBE;;;EM FRENTE AO MERCADO DOIS IRMÃOS E PAGODE DA PRESSAO;AGUA FRIA;;;COLISÃO LATERAL;0,0;1,0;0,0;0,0;0,0;0,0;0,0;0,0;0,0;1,0;0,0;;;;;;;;;;;;;
297166,0;2024-02-16;10:45:00;COM VÍTIMA;FINALIZADA;BOA VIAGEM;RUA PROFESSOR AUGUSTO LINS E SILVA;953;;EM FRENTE A PAN JOVEM;BOA VIAGEM;;;COLISÃO LATERAL;1,0;1,0;0,0;0,0;0,0;0,0;0,0;0,0;0,0;1,0;0,0;;;;;;;;;;;;;
297178,0;2024-02-16;11:36:00;COM VÍTIMA;FINALIZADA;BOA VIAGEM;RUA PROFESSOR AUGUSTO LINS E SILVA;953;;EM FRENTE A PADARIA PAN JOVEM;BOA VIAGEM;;;COLISÃO;0,0;1,0;0,0;0,0;0,0;0,0;0,0;0,0;0,0;1,0;0,0;;;;;;;;;;;;;
297187,0;2024-02-16;12:25:00;COM VÍTIMA;DUPLICIDADE;BOA VIAGEM;RUA PROFESSOR AUGUSTO LINS E SILVA;953;;EM FRENTE A PADARIA PAN JOVEM;BOA VIAGEM;;;COLISÃO;0,0;1,0;0,0;0,0;0,0;0,0;0,0;0,0;0,0;1,0;0,0;;;;;;;;;;;;;
297190,0;2024-02-16;12:41:00;COM VÍTIMA;FINALIZADA;VARZEA;AV BARAO DE BONITO;22;;PRÓX AO GOLF CLUB, PROX A FABRICA DA BRASILIT;VARZEA;;;COLISÃO;0,0;1,0;0,0;0,0;0,0;0,0;0,0;0,0;0,0;1,0;0,0;;;;;;;;;;;;;
297199,0;2024-02-16;02:23:00;COM VÍTIMA;FINALIZADA;AFOGADOS;RUA VINTE E UM DE ABRIL;1654;;PROXIMO A FABRICA DO CAFE PETINHO E PROXIMO A PADARIA IPIRANGA;AFOGADOS;;;COLISÃO;0,0;1,0;0,0;0,0;0,0;0,0;0,0;0,0;0,0;1,0;0,0;;;;;;;;;;;;;
297202,0;2024-02-16;02:42:00;COM VÍTIMA;FINALIZADA;CORDEIRO;RUA GOMES TABORDA;515;;EM FRENTE AO BAR DO VAPOR E AO COLEGIO VALENTIM;CORDEIRO;;;COLISÃO;0,0;1,0;0,0;0,0;0,0;0,0;0,0;0,0;0,0;1,0;0,0;;;;;;;;;;;;;
297233,0;2024-02-16;06:40:00;SEM VÍTIMA;FINALIZADA;DERBY;RUA HENRIQUE DIAS;609;;EM FRENTE AO COLEGIO DA POLICIA MILITAR;DERBY;;;COLISÃO LATERAL;1,0;1,0;0,0;0,0;0,0;0,0;0,0;0,0;0,0;0,0;0,0;;;;;;;;;;;;;
297248,0;2024-02-17;06:55:00;COM VÍTIMA;FINALIZADA;SANTO ANTONIO;RUA NOSSA SRA DO CARMO;;RUA DA PRAIA;PRÓX AO CAIS DE SANTA RITA;SANTO ANTONIO;;;COLISÃO;0,0;2,0;0,0;0,0;0,0;1,0;0,0;0,0;0,0;1,0;0,0;;;;;;;;;;;;;
297257,0;2024-02-17;07:37:00;COM VÍTIMA;FINALIZADA;SAN MARTIN;RUA INDUSTRIAL JOSE PAULO ALIMONDA;2268;RUA VINTE E UM DE ABRIL;PRÓX A ESCOLA ANTOMIO DE FARIAS  / PROX A PADARIA 21 DE ABRIL;SAN MARTIN;;;COLISÃO LATERAL;1,0;1,0;0,0;0,0;0,0;0,0;0,0;0,0;0,0;1,0;0,0;;;;;;;;;;;;;
297278,0;2024-02-17;10:30:00;COM VÍTIMA;FINALIZADA;BOA VISTA;RUA AURORA;1616;;NA PONTE DUARTE COELHO / INÍCIO DA AURORA;BOA VISTA;;;COLISÃO;0,0;1,0;0,0;0,0;0,0;0,0;0,0;0,0;0,0;1,0;0,0;;;;;;;;;;;;;
297283,0;2024-02-17;11:35:00;COM VÍTIMA;FINALIZADA;TORRE;RUA CANTORA CLARA NUNES;;;PROX A CAPELINHA, QUADRA B3;TORRE;;;COLISÃO COM CICLISTA;1,0;0,0;0,0;1,0;0,0;0,0;0,0;0,0;0,0;1,0;0,0;;;;;;;;;;;;;
297285,0;2024-02-17;11:42:00;COM VÍTIMA;FINALIZADA;AREIAS;AV DR JOSE RUFINO;2448;;EM FRENTE A LOJA PERNAMBUCO DISTRIBUIDORA;AREIAS;;;COLISÃO;0,0;1,0;0,0;0,0;0,0;0,0;0,0;0,0;0,0;1,0;0,0;;;;;;;;;;;;;
297291,0;2024-02-17;02:50:00;COM VÍTIMA;FINALIZADA;BOA VIAGEM;AV CONSELHEIRO AGUIAR;1998;;PROX AO MINUTO PÃO DE AÇUCA;BOA VIAGEM;;;COLISÃO LATERAL;1,0;1,0;0,0;0,0;0,0;0,0;0,0;0,0;0,0;1,0;0,0;;;;;;;;;;;;;
297307,0;2024-02-17;07:46:00;SEM VÍTIMA;FINALIZADA;PRADO;RUA GOMES TABORDA;1343;;PAGUE MENOS;PRADO;;;COLISÃO TRASEIRA;2,0;0,0;0,0;0,0;0,0;0,0;0,0;0,0;0,0;0,0;0,0;;;;;;;;;;;;;
297321,0;2024-02-18;06:58:00;COM VÍTIMA;FINALIZADA;CAJUEIRO;AV CIDADE DE MONTEIRO;;;EM FRENTE AO ARMAZEM CORAL;CAJUEIRO;;;COLISÃO LATERAL;0,0;1,0;0,0;0,0;0,0;0,0;0,0;0,0;0,0;1,0;0,0;;;;;;;;;;;;;
297322,0;2024-02-18;07:59:00;COM VÍTIMA;FINALIZADA;DERBY;AV GOVERNADOR AGAMENON MAGALHAES;;;EM FRENTE AO COCO BAMBU;DERBY;;;COLISÃO LATERAL;0,0;1,0;0,0;0,0;0,0;0,0;0,0;0,0;0,0;1,0;0,0;;;;;;;;;;;;;
297328,0;2024-02-18;09:54:00;COM VÍTIMA;FINALIZADA;SANTO AMARO;AV GOVERNADOR AGAMENON MAGALHAES;;;APOS A UPA SENT. DERBY;SANTO AMARO;;;COLISÃO LATERAL;0,0;1,0;0,0;0,0;0,0;0,0;0,0;0,0;0,0;1,0;0,0;;;;;;;;;;;;;
297349,0;2024-02-18;02:16:00;COM VÍTIMA;FINALIZADA;SAN MARTIN;AV RECIFE;629;;PROXIMO A CASA DO PORTA PALETES/ SENTIDO BR;SAN MARTIN;;;COLISÃO;1,0;1,0;0,0;0,0;0,0;0,0;0,0;0,0;0,0;1,0;0,0;;;;;;;;;;;;;
297350,0;2024-02-18;02:27:00;COM VÍTIMA;FINALIZADA;AFOGADOS;RUA VINTE E UM DE ABRIL;1351;;PROXIMO A PIZZARIA ROCK;AFOGADOS;;;COLISÃO;0,0;1,0;0,0;0,0;0,0;0,0;0,0;0,0;0,0;1,0;0,0;;;;;;;;;;;;;
297382,0;2024-02-19;07:10:00;COM VÍTIMA;FINALIZADA;IBURA;RUA EXP FRANCISCO VITORIANO;119;;ODONTO PLUS;IBURA;;;COLISÃO;1,0;1,0;0,0;0,0;0,0;0,0;0,0;0,0;0,0;1,0;0,0;;;;;;;;;;;;;
297393,0;2024-02-19;08:22:00;COM VÍTIMA;FINALIZADA;AFOGADOS;RUA SAO MIGUEL;3952;;EM FRENTE AO HOSPITAL AMAURI DE MEDEIROS;AFOGADOS;;;COLISÃO;0,0;1,0;0,0;0,0;1,0;0,0;0,0;0,0;0,0;1,0;0,0;;;;;;;;;;;;;
297399,0;2024-02-19;09:18:00;COM VÍTIMA;FINALIZADA;BOA VISTA;RUA MONTE CASTELO;253;;EM FRENTE A AZUL CARGO EXPRESS;BOA VISTA;;;COLISÃO;0,0;1,0;0,0;0,0;0,0;0,0;0,0;0,0;0,0;1,0;0,0;;;;;;;;;;;;;
297406,0;2024-02-19;10:08:00;COM VÍTIMA;FINALIZADA;TORRE;RUA JOSE BONIFACIO;;;PROX. AO CARREFOUR, SOBRE A PONTE DA TORRE;TORRE;;;COLISÃO LATERAL;0,0;1,0;0,0;0,0;0,0;0,0;0,0;0,0;0,0;1,0;0,0;;;;;;;;;;;;;
297420,0;2024-02-19;12:09:00;COM VÍTIMA;FINALIZADA;CAXANGA;AV CAXANGA;1658;;EM FRENTE AO HOSPITAL BARÃO DE LUCENA;CAXANGA;;;COLISÃO LATERAL;0,0;1,0;0,0;0,0;0,0;0,0;1,0;0,0;0,0;1,0;0,0;;;;;;;;;;;;;
297423,0;2024-02-19;01:22:00;COM VÍTIMA;FINALIZADA;BOA VIAGEM;RUA CORONEL BENEDITO CHAVES;150;;ESQUINA DA MC DONALD´S;BOA VIAGEM;;;COLISÃO LATERAL;0,0;0,0;0,0;0,0;0,0;0,0;0,0;0,0;0,0;1,0;0,0;;;;;;;;;;;;;
297424,0;2024-02-19;01:30:00;COM VÍTIMA;FINALIZADA;JARDIM SAO PAULO;RUA LEANDRO BARRETO;1020;;EM FRENTE A MONTE CARLOS;JARDIM SAO PAULO;;;COLISÃO;0,0;0,0;0,0;0,0;0,0;1,0;0,0;0,0;0,0;1,0;0,0;;;;;;;;;;;;;
297426,0;2024-02-19;01:34:00;COM VÍTIMA;FINALIZADA;AREIAS;AV DR JOSE RUFINO;1260;;E/F AO  SUPERMERCADO ARCOMIX;AREIAS;;;COLISÃO LATERAL;0,0;0,0;0,0;0,0;0,0;0,0;0,0;0,0;0,0;1,0;0,0;;;;;;;;;;;;;
297427,0;2024-02-19;01:38:00;COM VÍTIMA;FINALIZADA;CASA AMARELA;AV NORTE MIGUEL ARRAES DE ALENCAR;;;PROX A MATERNIDADE BARROS LIMA S/T MACAXEIRA;CASA AMARELA;;;COLISÃO LATERAL;0,0;0,0;0,0;0,0;0,0;0,0;0,0;0,0;0,0;1,0;0,0;;;;;;;;;;;;;
297432,0;2024-02-19;02:05:00;COM VÍTIMA;FINALIZADA;ILHA DO RETIRO;AV ENGENHEIRO ABDIAS DE CARVALHO;1055;;EM FRENTE AO POSTO BR;ILHA DO RETIRO;;;COLISÃO FRONTAL;1,0;1,0;0,0;0,0;0,0;0,0;0,0;0,0;0,0;1,0;0,0;;;;;;;;;;;;;
297469,0;2024-02-20;07:28:00;COM VÍTIMA;FINALIZADA;IPUTINGA;AV MAURICIO DE NASSAU;;;PROX A ALTINO VENTURA;IPUTINGA;;;COLISÃO;0,0;1,0;0,0;0,0;0,0;0,0;0,0;0,0;0,0;1,0;0,0;;;;;;;;;;;;;
297470,0;2024-02-20;07:34:00;COM VÍTIMA;FINALIZADA;IMBIRIBEIRA;VIADUTO TANCREDO NEVES;;;EM CIMA DO VIADUTO TANCREDO NEVES;IMBIRIBEIRA;;;COLISÃO TRASEIRA;1,0;1,0;0,0;0,0;0,0;0,0;0,0;0,0;0,0;1,0;0,0;;;;;;;;;;;;;
297473,0;2024-02-20;07:50:00;SEM VÍTIMA;FINALIZADA;GRACAS;AV RUI BARBOSA;;;NA ALTURA DA PRAÇA DO ENTRONCAMENO;GRACAS;;;COLISÃO;0,0;0,0;0,0;0,0;0,0;0,0;0,0;0,0;0,0;0,0;0,0;;;;;;;;;;;;;
297478,0;2024-02-20;08:27:00;SEM VÍTIMA;FINALIZADA;BOA VIAGEM;RUA PROFESSOR EDUARDO WANDERLEY FILHO;161;;;BOA VIAGEM;;;CHOQUE;0,0;2,0;0,0;0,0;0,0;0,0;1,0;0,0;0,0;0,0;0,0;;;;;;;;;;;;;
297483,0;2024-02-20;09:46:00;SEM VÍTIMA;CANCELADA;MADALENA;AV CAXANGA;;;TUNEL DA ABOLIÇÃO / E/F BRADESCO;MADALENA;;;COLISÃO LATERAL;1,0;0,0;0,0;0,0;0,0;0,0;0,0;1,0;0,0;0,0;0,0;;;;;;;;;;;;;
297514,0;2024-02-20;12:37:00;COM VÍTIMA;FINALIZADA;SANTO AMARO;AV GOVERNADOR AGAMENON MAGALHAES;7161;;EM FRENTE A REITORIA  DA UPE;SANTO AMARO;;;COLISÃO;0,0;1,0;0,0;0,0;0,0;0,0;0,0;0,0;0,0;1,0;0,0;;;;;;;;;;;;;
297520,0;2024-02-20;01:06:00;COM VÍTIMA;FINALIZADA;BEBERIBE;AV BEBERIBE;;;AO LADO DO SUPEMERCADO TEM;BEBERIBE;;;COLISÃO LATERAL;0,0;0,0;0,0;0,0;0,0;0,0;0,0;0,0;0,0;1,0;0,0;;;;;;;;;;;;;
297530,0;2024-02-20;02:00:00;COM VÍTIMA;DUPLICIDADE;BEBERIBE;AV BEBERIBE;;;E/F A PRAÇA DA CONVERÇAO;BEBERIBE;;;COLISÃO LATERAL;0,0;1,0;0,0;0,0;0,0;1,0;0,0;0,0;0,0;1,0;0,0;;;;;;;;;;;;;
297534,0;2024-02-20;02:40:00;COM VÍTIMA;FINALIZADA;IMBIRIBEIRA;AV GENERAL MAC ARTHUR;;;ESTAÇÃO ANTÔNIO FALCÃO;IMBIRIBEIRA;;;COLISÃO LATERAL;0,0;1,0;0,0;1,0;0,0;0,0;0,0;0,0;0,0;1,0;0,0;;;;;;;;;;;;;
297545,0;2024-02-20;03:59:00;COM VÍTIMA;FINALIZADA;BOA VISTA;PTE PRINCESA IZABEL;;;NA PONTE PRINCESA IZABEL;BOA VISTA;;;COLISÃO TRASEIRA;0,0;2,0;0,0;0,0;0,0;0,0;1,0;0,0;0,0;1,0;0,0;;;;;;;;;;;;;
297548,0;2024-02-20;04:25:00;COM VÍTIMA;FINALIZADA;CAXANGA;AV CAXANGA;9083;;E/F A UPA DA CAXANGA;CAXANGA;;;COLISÃO LATERAL;0,0;1,0;0,0;0,0;0,0;0,0;0,0;0,0;0,0;1,0;0,0;;;;;;;;;;;;;
297554,0;2024-02-20;04:59:00;COM VÍTIMA;FINALIZADA;BOA VIAGEM;RUA JONATHAS DE VASCONCELOS;563;;PROX A FACULDADE UNNASSAU E O HOTEL  NACIONAL INN RECIFE;BOA VIAGEM;;;COLISÃO LATERAL;0,0;0,0;0,0;0,0;0,0;0,0;0,0;0,0;0,0;1,0;0,0;;;;;;;;;;;;;
297584,0;2024-02-21;12:08:00;COM VÍTIMA;FINALIZADA;ALTO JOSE BONIFACIO;RUA ALTO JOSE BONIFACIO;140;;NO INICIO DA LADEIRA, PROXIMO A RODINHA, CASA PEREIRA FERRAGENS;ALTO JOSE BONIFACIO;;;COLISÃO LATERAL;1,0;1,0;0,0;0,0;0,0;0,0;0,0;0,0;0,0;1,0;0,0;;;;;;;;;;;;;
297587,0;2024-02-21;04:41:00;SEM VÍTIMA;FINALIZADA;BEBERIBE;AV BEBERIBE;4457;;;BEBERIBE;;SUBURBIO;CHOQUE;2,0;0,0;0,0;0,0;0,0;0,0;0,0;0,0;0,0;0,0;0,0;;;;;;;;;;;;;
297602,0;2024-02-21;06:58:00;COM VÍTIMA;FINALIZADA;IBURA;AV DOIS RIOS;;;PROX. AO NUCLEO SENT. AV. RECIFE;IBURA;;;COLISÃO LATERAL;0,0;1,0;0,0;0,0;0,0;0,0;0,0;0,0;0,0;1,0;0,0;;;;;;;;;;;;;
297604,0;2024-02-21;07:07:00;COM VÍTIMA;FINALIZADA;VARZEA;RUA ACADEMICO HELIO RAMOS;647;;PCT DENTRO DA CRECHE CENTRO MUNICIPAL DE EDUCAÇÃO INFANTIL PROF PAULO ROSAS;VARZEA;;;COLISÃO;0,0;1,0;0,0;0,0;0,0;0,0;0,0;0,0;0,0;1,0;0,0;;;;;;;;;;;;;
297607,0;2024-02-21;07:24:00;COM VÍTIMA;FINALIZADA;BAIRRO DO RECIFE;AV RIO BRANCO;;;PROX. A PREFEITURA, NA ESQUINA DO BANCO DO BRASIL;BAIRRO DO RECIFE;;;COLISÃO LATERAL;1,0;1,0;0,0;0,0;0,0;0,0;0,0;0,0;0,0;1,0;0,0;;;;;;;;;;;;;