Protocolo;data;hora;natureza;situacao;bairro;endereco;numero;detalhe_endereco_acidente;complemento;bairro_cruzamento;num_semaforo;sentido_via;tipo;auto;moto;ciclom;ciclista;pedestre;onibus;caminhao;viatura;outros;vitimas;vitimasfatais;acidente_verificado;tempo_clima;situacao_semaforo;sinalizacao;condicao_via;conservacao_via;ponto_controle;situacao_placa;velocidade_max_via;mao_direcao;divisao_via1;divisao_via2;divisao_via3
297609,0;2024-02-21;07:52:00;COM VÍTIMA;FINALIZADA;JOANA BEZERRA;AV GOVERNADOR AGAMENON MAGALHAES;;;EM FRENTE A COMPESA, SENTIDO BOA VIAGEM;JOANA BEZERRA;;;COLISÃO COM CICLISTA;0,0;0,0;0,0;1,0;0,0;1,0;0,0;0,0;0,0;1,0;0,0;;;;;;;;;;;;;
297615,0;2024-02-21;08:30:00;COM VÍTIMA;FINALIZADA;CORDEIRO;EST DO FORTE DO ARRAIAL N. DO B. JESUS;;;PROX A ACADEMIA CIA FIT;CORDEIRO;;;COLISÃO LATERAL;1,0;1,0;0,0;0,0;0,0;0,0;0,0;0,0;0,0;1,0;0,0;;;;;;;;;;;;;
297623,0;2024-02-21;09:12:00;SEM VÍTIMA;FINALIZADA;BOA VISTA;RUA DO PRINCIPE;;;HMAR;BOA VISTA;;CIDADE;COLISÃO TRASEIRA;1,0;0,0;0,0;0,0;0,0;0,0;0,0;1,0;0,0;0,0;0,0;;;;;;;;;;;;;
297624,0;2024-02-21;09:12:00;COM VÍTIMA;FINALIZADA;AGUA FRIA;RUA EGAS MUNIZ;145;;PRÓX AO MERCADINHO NOBRE , PROX A ESCOLA CASTELO DO SABER;AGUA FRIA;;;COLISÃO;0,0;1,0;0,0;0,0;0,0;0,0;0,0;0,0;0,0;1,0;0,0;;;;;;;;;;;;;
297627,0;2024-02-21;09:21:00;SEM VÍTIMA;DUPLICIDADE;BOA VISTA;RUA DO PRINCIPE;;;EM FRENTE AO HOSPITAL MILITAR;BOA VISTA;;;COLISÃO TRASEIRA;1,0;0,0;0,0;0,0;0,0;0,0;0,0;1,0;0,0;0,0;0,0;;;;;;;;;;;;;
297630,0;2024-02-21;09:26:00;COM VÍTIMA;FINALIZADA;ALTO JOSE BONIFACIO;RUA ALTO JOSE BONIFACIO;640;;NA SUBIDA DA LADEIRA DO BOI, PRÓX A ESQUINA DO GALETO;ALTO JOSE BONIFACIO;;;COLISÃO;0,0;1,0;0,0;0,0;0,0;0,0;0,0;0,0;0,0;1,0;0,0;;;;;;;;;;;;;
297635,0;2024-02-21;10:20:00;COM VÍTIMA;FINALIZADA;SANTO AMARO;RUA FREI CASSIMIRO;231;;PROX. AO SENAI / PROX A BORRACHARIA;SANTO AMARO;;;COLISÃO LATERAL;0,0;1,0;0,0;0,0;0,0;1,0;0,0;0,0;0,0;1,0;0,0;;;;;;;;;;;;;
297644,0;2024-02-21;11:24:00;COM VÍTIMA;FINALIZADA;PASSARINHO;RUA DA LINHA;;;PROX. A IGREJA METODISTA E COMPESA;PASSARINHO;;;COLISÃO LATERAL;0,0;1,0;0,0;0,0;0,0;0,0;0,0;0,0;0,0;1,0;0,0;;;;;;;;;;;;;
297648,0;2024-02-21;11:47:00;COM VÍTIMA;FINALIZADA;JOANA BEZERRA;VIADUTO CAPITAO TEMUDO;86;;EM FRENTE AO HOPE, EM CIMA DO VIADUTO;JOANA BEZERRA;;;COLISÃO;0,0;1,0;0,0;0,0;0,0;0,0;0,0;0,0;0,0;1,0;0,0;;;;;;;;;;;;;
297654,0;2024-02-21;12:32:00;COM VÍTIMA;FINALIZADA;SAN MARTIN;AV GENERAL SAN MARTIN;2382;;EM FRENTE AO CENTRO DE TRATAMENTO DOS CORREIOS  //  PROX AO COMPAZ;SAN MARTIN;;;COLISÃO LATERAL;0,0;1,0;0,0;0,0;0,0;0,0;1,0;0,0;0,0;1,0;0,0;;;;;;;;;;;;;
297655,0;2024-02-21;12:35:00;COM VÍTIMA;FINALIZADA;CAMPINA DO BARRETO;RUA DOS CRAVEIROS;173;;PROX A POLICLINICA AMAURY COUTINHO E DA ESCOLA MUNICIPAL DE AGUA FRIA;CAMPINA DO BARRETO;;;COLISÃO;0,0;1,0;0,0;0,0;0,0;0,0;0,0;0,0;0,0;1,0;0,0;;;;;;;;;;;;;
297656,0;2024-02-21;12:41:00;COM VÍTIMA;FINALIZADA;MADALENA;AV VISCONDE DE ALBUQUERQUE;400;RUA LOPES DE CARVALHO;EM FRENTE A GALERIA MADALENA CENTER;MADALENA;;;COLISÃO LATERAL;1,0;1,0;0,0;0,0;0,0;0,0;0,0;0,0;0,0;1,0;0,0;;;;;;;;;;;;;
297657,0;2024-02-21;01:14:00;COM VÍTIMA;FINALIZADA;BOA VIAGEM;RUA VISCONDE DE JEQUITINHONHA;81;;AO LADO DO RECIFE FLETE;BOA VIAGEM;;;COLISÃO LATERAL;1,0;1,0;0,0;0,0;0,0;0,0;0,0;0,0;0,0;1,0;0,0;;;;;;;;;;;;;
297662,0;2024-02-21;02:42:00;SEM VÍTIMA;FINALIZADA;BOA VISTA;AV GOVERNADOR CARLOS DE LIMA CAVALCANTI;;RUA DOM BOSCO;PRÓXIMO AO POSTO BR;BOA VISTA;27,0;SUBURBIO;COLISÃO LATERAL;1,0;0,0;0,0;0,0;0,0;0,0;0,0;1,0;0,0;0,0;0,0;;;;;;;;;;;;;
297667,0;2024-02-21;03:23:00;COM VÍTIMA;FINALIZADA;MADALENA;RUA LOPES DE CARVALHO;180;AV VISCONDE DE ALBUQUERQUE;AO LADO DO NOVO  ESCRITORIO COMPATILHADO  E A LOJA MUNDO DO CABELEIREIRO;MADALENA;;;COLISÃO LATERAL;0,0;0,0;0,0;0,0;0,0;0,0;0,0;0,0;0,0;1,0;0,0;;;;;;;;;;;;;
297669,0;2024-02-21;03:27:00;COM VÍTIMA;FINALIZADA;SANTO AMARO;RUA JOAO LIRA;310;;AO LADO DA CAIXA ECONOMICA FEDERAL;SANTO AMARO;;;COLISÃO LATERAL;0,0;0,0;0,0;0,0;0,0;0,0;0,0;0,0;0,0;1,0;0,0;;;;;;;;;;;;;
297678,0;2024-02-21;04:21:00;COM VÍTIMA;FINALIZADA;CURADO;RUA CANAA;45;;POR TRÁS DO ATACADO DOS PRESENTES;CURADO;;;COLISÃO LATERAL;1,0;1,0;0,0;0,0;0,0;0,0;0,0;0,0;0,0;1,0;0,0;;;;;;;;;;;;;
297685,0;2024-02-21;05:18:00;COM VÍTIMA;FINALIZADA;ENCRUZILHADA;AV NORTE MIGUEL ARRAES DE ALENCAR;;;E/F AO LEITAO E/T CID;ENCRUZILHADA;;;COLISÃO LATERAL;1,0;1,0;0,0;0,0;0,0;0,0;0,0;0,0;0,0;1,0;0,0;;;;;;;;;;;;;
297699,0;2024-02-21;09:22:00;COM VÍTIMA;FINALIZADA;MADALENA;AV BEIRA RIO;825;;DEPOIS DA PONTE DA CAPUNGA;MADALENA;;;COLISÃO LATERAL;1,0;1,0;0,0;0,0;0,0;0,0;0,0;0,0;0,0;1,0;0,0;;;;;;;;;;;;;
297712,0;2024-02-22;07:06:00;COM VÍTIMA;FINALIZADA;CAXANGA;AV CAXANGA;;;E/F TERMINAL CDU;CAXANGA;;;COLISÃO LATERAL;1,0;1,0;0,0;0,0;0,0;0,0;0,0;0,0;0,0;1,0;0,0;;;;;;;;;;;;;
297713,0;2024-02-22;06:57:00;COM VÍTIMA;FINALIZADA;CABANGA;AV ENGENHEIRO JOSE ESTELITA;163;;PROX AO CABANGA /  PRÓX AO VIADUTO;CABANGA;;;COLISÃO TRASEIRA;1,0;1,0;0,0;0,0;0,0;0,0;0,0;0,0;0,0;2,0;0,0;;;;;;;;;;;;;
297714,0;2024-02-22;07:10:00;COM VÍTIMA;DUPLICIDADE;IPUTINGA;AV CAXANGA;4244;;PRÓX A INTERGRAÇÃO DE ÔNIBUS CDU / PRÓX AO ANTIGO BOMPREÇO;IPUTINGA;;;COLISÃO;0,0;1,0;0,0;0,0;0,0;0,0;0,0;0,0;0,0;1,0;0,0;;;;;;;;;;;;;
297718,0;2024-02-22;07:40:00;COM VÍTIMA;FINALIZADA;BOA VIAGEM;RUA CAPITAO ZUZINHA;;;PROX. A TOCA BARBEARIA E MARIA DO CARMO PAIVA VETERINARIA;BOA VIAGEM;;;COLISÃO LATERAL;0,0;1,0;0,0;0,0;0,0;0,0;0,0;0,0;0,0;1,0;0,0;;;;;;;;;;;;;
297726,0;2024-02-22;08:14:00;COM VÍTIMA;FINALIZADA;SANTO AMARO;AV GOVERNADOR AGAMENON MAGALHAES;285;;EM FRENTE A REITORIA DA UPE;SANTO AMARO;;;COLISÃO LATERAL;0,0;2,0;0,0;0,0;0,0;0,0;0,0;0,0;0,0;2,0;0,0;;;;;;;;;;;;;
297735,0;2024-02-22;09:42:00;COM VÍTIMA;FINALIZADA;IMBIRIBEIRA;AV MARECHAL MASCARENHAS DE MORAES;2455;;PRÓX A CONCESSIONÁRIA TAMBAÍ;IMBIRIBEIRA;;;COLISÃO;0,0;1,0;0,0;0,0;0,0;0,0;0,0;0,0;0,0;1,0;0,0;;;;;;;;;;;;;
297750,0;2024-02-22;10:44:00;COM VÍTIMA;FINALIZADA;AFOGADOS;AV DR JOSE RUFINO;;RUA SAO MIGUEL;ESQUINA COM O POSTO DE GASOLINA PDT, DO LADO DO BANCO DO BRASIL;AFOGADOS;;;COLISÃO;1,0;1,0;0,0;0,0;0,0;0,0;0,0;0,0;0,0;1,0;0,0;;;;;;;;;;;;;
297752,0;2024-02-22;11:35:00;COM VÍTIMA;FINALIZADA;SANTO AMARO;AV CRUZ CABUGA;;;HOSPITAL NAVAL;SANTO AMARO;;;COLISÃO FRONTAL;1,0;0,0;0,0;0,0;1,0;0,0;0,0;0,0;0,0;1,0;0,0;;;;;;;;;;;;;
297759,0;2024-02-22;12:17:00;COM VÍTIMA;FINALIZADA;APIPUCOS;RUA DE APIPUCOS;165;;PROX AO INSTITUTO DE PESQUISAS SOCIAIS;APIPUCOS;;;COLISÃO LATERAL;1,0;1,0;0,0;0,0;0,0;0,0;0,0;0,0;0,0;1,0;0,0;;;;;;;;;;;;;
297763,0;2024-02-22;12:26:00;SEM VÍTIMA;FINALIZADA;ILHA DO LEITE;RUA FRANCISCO ALVES;145;PRC MIGUEL DE CERVANTES;AO LADO DO HOSPITAL ESPERANÇA SOB O SEMÁFORO 508;ILHA DO LEITE;508,0;CIDADE;COLISÃO LATERAL;1,0;0,0;0,0;0,0;0,0;1,0;0,0;0,0;0,0;0,0;0,0;;;;;;;;;;;;;
297770,0;2024-02-22;02:33:00;SEM VÍTIMA;FINALIZADA;IPSEP;RUA ROSA MAGALHAES;71;AV RECIFE;;IPSEP;;;CHOQUE;0,0;0,0;0,0;0,0;0,0;0,0;1,0;0,0;0,0;0,0;0,0;;;;;;;;;;;;;
297782,0;2024-02-22;04:44:00;COM VÍTIMA;FINALIZADA;VARZEA;RUA GENERAL POLIDORO;320;;EM FRENTE AO EDIFICIO RESERVA POLIDORO;VARZEA;;;COLISÃO;0,0;1,0;0,0;0,0;0,0;0,0;0,0;0,0;0,0;2,0;0,0;;;;;;;;;;;;;
297787,0;2024-02-22;05:23:00;COM VÍTIMA;FINALIZADA;MACAXEIRA;RUA REGINA;598;;NA LADEIRA DA CHESF;MACAXEIRA;;;COLISÃO LATERAL;0,0;1,0;0,0;0,0;0,0;0,0;0,0;0,0;0,0;1,0;0,0;;;;;;;;;;;;;
297793,0;2024-02-22;06:28:00;COM VÍTIMA;FINALIZADA;CASA FORTE;AV DEZESSETE DE AGOSTO;;;EDF PORTA D'AGUA;CASA FORTE;;;ATROPELAMENTO DE PESSOA;1,0;0,0;0,0;0,0;1,0;0,0;0,0;0,0;0,0;1,0;0,0;;;;;;;;;;;;;
297806,0;2024-02-22;08:27:00;COM VÍTIMA;FINALIZADA;BOA VIAGEM;AV ARMINDO MOURA;;;E/F A DROGASIL;BOA VIAGEM;;;COLISÃO LATERAL;1,0;1,0;0,0;0,0;0,0;0,0;0,0;0,0;0,0;1,0;0,0;;;;;;;;;;;;;
297812,0;2024-02-22;09:45:00;COM VÍTIMA;FINALIZADA;MADALENA;RUA JOSE OSORIO;;RUA REAL DA TORRE;;MADALENA;;;QUEDA;0,0;1,0;0,0;0,0;0,0;0,0;0,0;0,0;0,0;1,0;0,0;;;;;;;;;;;;;
297826,0;2024-02-23;06:58:00;SEM VÍTIMA;FINALIZADA;SANTO AMARO;AV CRUZ CABUGA;;;SHOPPING TACARUNA;SANTO AMARO;;;COLISÃO LATERAL;0,0;0,0;0,0;0,0;0,0;2,0;0,0;0,0;0,0;0,0;0,0;;;;;;;;;;;;;
297827,0;2024-02-23;07:08:00;COM VÍTIMA;FINALIZADA;ROSARINHO;AV NORTE MIGUEL ARRAES DE ALENCAR;;;PROX. AO POSTO IPIRANGA E EDF. DAVID BECKER;ROSARINHO;;;COLISÃO LATERAL;0,0;1,0;0,0;0,0;0,0;0,0;0,0;0,0;0,0;1,0;0,0;;;;;;;;;;;;;
297835,0;2024-02-23;08:04:00;COM VÍTIMA;FINALIZADA;MADALENA;RUA BARTOLOMEU DE GUSMAO;;;PROX. AO CENTRO PASTORAL SANTO AFONSO LIGORIO E CLINICA ORTOSANI;MADALENA;;;COLISÃO LATERAL;0,0;1,0;0,0;0,0;0,0;0,0;0,0;0,0;0,0;1,0;0,0;;;;;;;;;;;;;
297838,0;2024-02-23;08:25:00;SEM VÍTIMA;FINALIZADA;AFOGADOS;AV SUL;;;EM FRENTE A ESTAÇÃO LARGO DA PAZ;AFOGADOS;;CIDADE;COLISÃO LATERAL;1,0;0,0;0,0;0,0;0,0;0,0;1,0;0,0;0,0;0,0;0,0;;;;;;;;;;;;;
297842,0;2024-02-23;08:55:00;COM VÍTIMA;FINALIZADA;IMBIRIBEIRA;AV MARECHAL MASCARENHAS DE MORAES;;;EM FRENTE A FACULDADE DE SAUDE;IMBIRIBEIRA;530,0;;COLISÃO TRASEIRA;0,0;2,0;0,0;0,0;0,0;0,0;0,0;0,0;0,0;1,0;0,0;;;;;;;;;;;;;
297843,0;2024-02-23;08:58:00;COM VÍTIMA;FINALIZADA;CAMPO GRANDE;EST DE BELEM;;;PROX. A ROTATORIA PARA MIRABILANDIA E ARMAZEM DE CONSTRUÇÃO;CAMPO GRANDE;;;COLISÃO LATERAL;0,0;1,0;0,0;0,0;0,0;0,0;0,0;0,0;0,0;1,0;0,0;;;;;;;;;;;;;
297852,0;2024-02-23;09:51:00;COM VÍTIMA;FINALIZADA;BOA VIAGEM;RUA ANTONIO VICENTE;538;RUA ALMIRANTE TAMANDARE;PROX AO BUTECO PISCOU LASCOU  / RESTAURANTE TIO PEPE;BOA VIAGEM;;;COLISÃO FRONTAL;1,0;1,0;0,0;0,0;0,0;0,0;0,0;0,0;0,0;1,0;0,0;;;;;;;;;;;;;
297860,0;2024-02-23;11:49:00;COM VÍTIMA;FINALIZADA;IPUTINGA;AV MAURICIO DE NASSAU;434;;APOS O HOSPITAL ALTINO VENTURA;IPUTINGA;;;COLISÃO LATERAL;1,0;1,0;0,0;0,0;0,0;0,0;0,0;0,0;0,0;1,0;0,0;;;;;;;;;;;;;
297861,0;2024-02-23;12:00:00;SEM VÍTIMA;FINALIZADA;IMBIRIBEIRA;AV MARECHAL MASCARENHAS DE MORAES;;;E/F A FACULDADE PERNAMBUCANA;IMBIRIBEIRA;;CIDADE;COLISÃO TRASEIRA;3,0;0,0;0,0;0,0;0,0;0,0;0,0;1,0;0,0;0,0;0,0;;;;;;;;;;;;;
297862,0;2024-02-23;12:00:00;COM VÍTIMA;DUPLICIDADE;IPUTINGA;AV MAURICIO DE NASSAU;;EST DO BARBALHO;PROX AO HOSPITAL ALTINO VENTURA  / EM FRENTE A BJ REBOQUES;IPUTINGA;;;COLISÃO LATERAL;1,0;1,0;0,0;0,0;0,0;0,0;0,0;0,0;0,0;1,0;0,0;;;;;;;;;;;;;
297867,0;2024-02-23;12:24:00;COM VÍTIMA;FINALIZADA;SAO JOSE;AV SUL;1329;;PRÓX A SEDE DO GALO;SAO JOSE;;;COLISÃO;0,0;0,0;0,0;0,0;0,0;1,0;0,0;0,0;0,0;1,0;0,0;;;;;;;;;;;;;
297868,0;2024-02-23;12:42:00;COM VÍTIMA;DUPLICIDADE;IPUTINGA;AV MAURICIO DE NASSAU;803;;PROX AO REBOQUE PNEUS E DA EQUIPADORA AUTO FILMES , NO CRUZAMENTO COM A  ESTRADA DO BARBALHO;IPUTINGA;;;COLISÃO;0,0;1,0;0,0;0,0;0,0;0,0;0,0;0,0;0,0;1,0;0,0;;;;;;;;;;;;;
297872,0;2024-02-23;02:05:00;COM VÍTIMA;FINALIZADA;PINA;AVENIDA CELSO FURTADO (VIA MANGUE);1801;;SENTIDO IMBIRIBEIRA;PINA;;;COLISÃO;0,0;1,0;0,0;0,0;0,0;0,0;0,0;0,0;0,0;1,0;0,0;;;;;;;;;;;;;
297874,0;2024-02-23;02:39:00;SEM VÍTIMA;FINALIZADA;SANTO ANTONIO;RUA IMPERADOR PEDRO SEGUNDO;;;PRAÇA DEZESSETE;SANTO ANTONIO;;CIDADE;COLISÃO;1,0;0,0;0,0;0,0;0,0;0,0;0,0;1,0;0,0;0,0;0,0;;;;;;;;;;;;;
297879,0;2024-02-23;04:12:00;COM VÍTIMA;FINALIZADA;IPSEP;RUA ITAJAI;703;;E/F A CLINICA CENTER MAIS SAUDE;IPSEP;;;COLISÃO LATERAL;0,0;0,0;0,0;0,0;0,0;0,0;0,0;0,0;0,0;1,0;0,0;;;;;;;;;;;;;
297881,0;2024-02-23;04:53:00;COM VÍTIMA;FINALIZADA;BOMBA DO HEMETERIO;RUA ARLINDO CISNEIRO;921;;E/F AO MECADINHO BOM DE PREÇO;BOMBA DO HEMETERIO;;;COLISÃO LATERAL;0,0;0,0;0,0;0,0;0,0;0,0;0,0;0,0;0,0;1,0;0,0;;;;;;;;;;;;;
297883,0;2024-02-23;05:55:00;COM VÍTIMA;FINALIZADA;ILHA DO LEITE;RUA SENADOR JOSE HENRIQUE;207;;PROX A MULTIMAGEM  EMPRESARIAL  CHARLES DARWIN;ILHA DO LEITE;;;COLISÃO FRONTAL;1,0;1,0;0,0;0,0;0,0;0,0;0,0;0,0;0,0;1,0;0,0;;;;;;;;;;;;;
297884,0;2024-02-23;06:01:00;COM VÍTIMA;FINALIZADA;SAO JOSE;C SANTA RITA;494;;E/F A FARMACIA  BALCAO FARMA;SAO JOSE;;;COLISÃO LATERAL;0,0;0,0;0,0;0,0;0,0;0,0;0,0;0,0;0,0;1,0;0,0;;;;;;;;;;;;;
297888,0;2024-02-23;07:19:00;COM VÍTIMA;FINALIZADA;BEBERIBE;AV BEBERIBE;;RUA CORONEL URBANO RIBEIRO DE SENA;;BEBERIBE;;;COLISÃO TRANSVERSAL;1,0;0,0;0,0;0,0;0,0;0,0;0,0;0,0;0,0;1,0;0,0;;;;;;;;;;;;;
297900,0;2024-02-23;09:16:00;SEM VÍTIMA;FINALIZADA;IMBIRIBEIRA;AV MARECHAL MASCARENHAS DE MORAES;;RUA ANTONIO FALCAO;EM FRENTE AO BANCO ITAÚ;IMBIRIBEIRA;;;COLISÃO;3,0;0,0;0,0;0,0;0,0;0,0;0,0;0,0;0,0;0,0;0,0;;;;;;;;;;;;;
297922,0;2024-02-24;08:12:00;COM VÍTIMA;FINALIZADA;IMBIRIBEIRA;AV MARECHAL MASCARENHAS DE MORAES;;;LADO OPOSTO AGROFLORES/  PROX PONTE MOTOCOLOMBO/ SENTIDO AEROPORTO;IMBIRIBEIRA;;;COLISÃO;1,0;1,0;0,0;0,0;0,0;0,0;0,0;0,0;0,0;1,0;0,0;;;;;;;;;;;;;
297923,0;2024-02-24;08:14:00;COM VÍTIMA;FINALIZADA;SANTO AMARO;AV CRUZ CABUGA;;;EM FRENTE AO MIX MATEUS SENT. OLINDA;SANTO AMARO;;;COLISÃO LATERAL;1,0;1,0;0,0;0,0;0,0;0,0;0,0;0,0;0,0;1,0;0,0;;;;;;;;;;;;;
297926,0;2024-02-24;09:40:00;COM VÍTIMA;FINALIZADA;COHAB;AV DOIS RIOS;;;PROX. A POLICLINICA PROFESSOR ARNALDO MARQUES, EMBAIXO DO VIADUTO;COHAB;;;COLISÃO LATERAL;1,0;1,0;0,0;0,0;0,0;0,0;0,0;0,0;0,0;1,0;0,0;;;;;;;;;;;;;
297932,0;2024-02-24;10:14:00;SEM VÍTIMA;FINALIZADA;CASA FORTE;EST DAS UBAIAS;1706;;SOB O SEMÁFORO 469;CASA FORTE;469,0;;COLISÃO LATERAL;1,0;0,0;0,0;0,0;0,0;0,0;1,0;0,0;0,0;0,0;0,0;;;;;;;;;;;;;
297936,0;2024-02-24;11:03:00;COM VÍTIMA;FINALIZADA;MADALENA;RUA DEMOCRITO DE SOUZA FILHO;;;DE ESQUINA COM O POSTO DE GASOLINA FORMA, APOS A PONTE DA JOSE OSORIO PRIMEIRA A ESQ.;MADALENA;;;COLISÃO LATERAL;2,0;0,0;0,0;0,0;0,0;0,0;0,0;0,0;0,0;1,0;0,0;;;;;;;;;;;;;
297942,0;2024-02-24;11:44:00;COM VÍTIMA;FINALIZADA;VARZEA;RUA BERNARDIM RIBEIRO;1100;;PROX. A THAYS RUAMA STUDIO HAIR;VARZEA;;;COLISÃO FRONTAL;2,0;0,0;0,0;0,0;0,0;0,0;0,0;0,0;0,0;1,0;0,0;;;;;;;;;;;;;
297946,0;2024-02-24;12:16:00;COM VÍTIMA;FINALIZADA;IMBIRIBEIRA;RUA OLIVIA MENELAU;118;;LOJA GRILO;IMBIRIBEIRA;;;COLISÃO LATERAL;1,0;1,0;0,0;0,0;0,0;0,0;0,0;0,0;0,0;1,0;0,0;;;;;;;;;;;;;
297950,0;2024-02-24;02:01:00;COM VÍTIMA;FINALIZADA;ENCRUZILHADA;EST DE BELEM;580;;ACADEMIA HI;ENCRUZILHADA;;;COLISÃO FRONTAL;1,0;1,0;0,0;0,0;0,0;0,0;0,0;0,0;0,0;2,0;0,0;;;;;;;;;;;;;
297954,0;2024-02-24;03:25:00;COM VÍTIMA;FINALIZADA;GRACAS;RUA DO FUTURO;2348;;PROXIMO AO ANTIGO JUIZADO DO TORCEDOR;GRACAS;;;COLISÃO;0,0;1,0;0,0;0,0;0,0;0,0;0,0;0,0;0,0;1,0;0,0;;;;;;;;;;;;;
297963,0;2024-02-24;05:02:00;COM VÍTIMA;FINALIZADA;MADALENA;AV ENGENHEIRO ABDIAS DE CARVALHO;480;;EM FRENTE DAVITA TRATAMENTO RENAL/ SENTIDO BR;MADALENA;;;COLISÃO LATERAL;1,0;1,0;0,0;0,0;0,0;0,0;0,0;0,0;0,0;1,0;0,0;;;;;;;;;;;;;
297989,0;2024-02-25;12:59:00;COM VÍTIMA;FINALIZADA;ROSARINHO;AV NORTE MIGUEL ARRAES DE ALENCAR;;AV SANTOS DUMONT;E/F DELICATESSEN ROSARINHO. ANTES DA PRAÇA DO ROSARINHO;ROSARINHO;;;COLISÃO LATERAL;0,0;2,0;0,0;0,0;0,0;0,0;0,0;0,0;0,0;1,0;0,0;;;;;;;;;;;;;
297990,0;2024-02-25;03:17:00;COM VÍTIMA;FINALIZADA;NOVA DESCOBERTA;AV VEREADOR OTACILIO AZEVEDO;;;PRÓXIMO À UPA DA NOVA DESCOBERTA;NOVA DESCOBERTA;;;COLISÃO;1,0;1,0;0,0;0,0;0,0;0,0;0,0;0,0;0,0;1,0;0,0;;;;;;;;;;;;;
298015,0;2024-02-25;08:57:00;COM VÍTIMA;FINALIZADA;AFOGADOS;RUA SAO MIGUEL;795;;PROX AO QUARTEL 14B;AFOGADOS;;;COLISÃO COM CICLISTA;1,0;0,0;0,0;1,0;0,0;0,0;0,0;0,0;0,0;1,0;0,0;;;;;;;;;;;;;
298025,0;2024-02-25;11:31:00;COM VÍTIMA;FINALIZADA;TORRE;RUA MARQUES DE MARICA;78;;EM FRENTE A ASSOCIAÇÃO PESTALOZZI DO RECIFE;TORRE;;;COLISÃO;0,0;1,0;0,0;0,0;0,0;0,0;0,0;0,0;0,0;1,0;0,0;;;;;;;;;;;;;
298028,0;2024-02-25;12:19:00;COM VÍTIMA;FINALIZADA;ARRUDA;AV PROFESSOR JOSE DOS ANJOS;44;;PROX A IGREJA ASSEBLEIA DE DEUS;ARRUDA;;;COLISÃO TRASEIRA;1,0;1,0;0,0;0,0;0,0;0,0;0,0;0,0;0,0;1,0;0,0;;;;;;;;;;;;;
298030,0;2024-02-25;12:44:00;COM VÍTIMA;FINALIZADA;SAO JOSE;RUA DA PALMA;538;;PROX A GALERIA  910 , PROX A LOJA ELETRO PALMA;SAO JOSE;;;COLISÃO;0,0;1,0;0,0;0,0;0,0;0,0;0,0;0,0;0,0;1,0;0,0;;;;;;;;;;;;;
298037,0;2024-02-25;03:43:00;SEM VÍTIMA;FINALIZADA;BOA VISTA;RUA AFONSO PENA;270;;E/F A  UNIVERSIDADE CATOLICA;BOA VISTA;;;COLISÃO LATERAL;1,0;0,0;0,0;0,0;0,0;0,0;0,0;1,0;0,0;0,0;0,0;;;;;;;;;;;;;
298055,0;2024-02-25;10:13:00;COM VÍTIMA;FINALIZADA;ALTO JOSE BONIFACIO;RUA CORREGO DO EUCLIDES;507;;PROXIMO A ASSEMBLEIA DE DEUS DO CORREGO DO EUCLIDES;ALTO JOSE BONIFACIO;;;COLISÃO;1,0;1,0;0,0;0,0;0,0;0,0;0,0;0,0;0,0;2,0;0,0;;;;;;;;;;;;;
298058,0;2024-02-25;11:59:00;SEM VÍTIMA;CANCELADA;TOTO;RUA PAULINO DE FARIAS;416;;APÓS O MERCADO CUSTODIA;TOTO;;;CHOQUE;1,0;0,0;0,0;0,0;0,0;0,0;0,0;0,0;0,0;0,0;0,0;;;;;;;;;;;;;
298073,0;2024-02-26;07:27:00;COM VÍTIMA;FINALIZADA;ESPINHEIRO;RUA QUARENTA E OITO;;;PRÓX AO POSTO DE GASOLINA  BR, APÓS A ESCOLA DE SAUDE, EM FRENTE AO NÚMERO 102;ESPINHEIRO;;;COLISÃO;0,0;1,0;0,0;0,0;0,0;0,0;0,0;0,0;0,0;1,0;0,0;;;;;;;;;;;;;
298086,0;2024-02-26;08:32:00;SEM VÍTIMA;FINALIZADA;ESTANCIA;AV RECIFE;;;;ESTANCIA;;;COLISÃO;0,0;0,0;0,0;0,0;0,0;0,0;0,0;0,0;0,0;0,0;0,0;;;;;;;;;;;;;
298087,0;2024-02-26;08:39:00;SEM VÍTIMA;DUPLICIDADE;IMBIRIBEIRA;AV MARECHAL MASCARENHAS DE MORAES;5093;;PRÓXIMO A DM PEÇAS E PNEUS;IMBIRIBEIRA;;;COLISÃO;0,0;0,0;0,0;0,0;0,0;0,0;0,0;0,0;0,0;0,0;0,0;;;;;;;;;;;;;
298090,0;2024-02-26;09:05:00;SEM VÍTIMA;FINALIZADA;JORDAO;AV MARECHAL MASCARENHAS DE MORAES;;;APÓS O AEROPORTO;JORDAO;;SUBURBIO;COLISÃO;0,0;0,0;0,0;0,0;0,0;0,0;0,0;0,0;0,0;0,0;0,0;;;;;;;;;;;;;