Protocolo;data;hora;natureza;situacao;bairro;endereco;numero;detalhe_endereco_acidente;complemento;bairro_cruzamento;num_semaforo;sentido_via;tipo;auto;moto;ciclom;ciclista;pedestre;onibus;caminhao;viatura;outros;vitimas;vitimasfatais;acidente_verificado;tempo_clima;situacao_semaforo;sinalizacao;condicao_via;conservacao_via;ponto_controle;situacao_placa;velocidade_max_via;mao_direcao;divisao_via1;divisao_via2;divisao_via3
298627,0;2024-03-02;03:54:00;COM VÍTIMA;FINALIZADA;AGUA FRIA;EST VELHA DE AGUA FRIA;1423;RUA BARAO DE MELGACO;PROX AO POSTO DA BOMBA DO HEMETERIO;AGUA FRIA;;;COLISÃO LATERAL;1,0;1,0;0,0;0,0;0,0;0,0;0,0;0,0;0,0;2,0;0,0;;;;;;;;;;;;;
298632,0;2024-03-02;04:26:00;COM VÍTIMA;FINALIZADA;IPUTINGA;AV MAURICIO DE NASSAU;;;E/F A FEIRA DO TROCA   NO SEMAFORO  088;IPUTINGA;;;ATROPELAMENTO DE PESSOA;1,0;1,0;0,0;0,0;1,0;0,0;0,0;0,0;0,0;1,0;0,0;;;;;;;;;;;;;
298644,0;2024-03-02;08:58:00;SEM VÍTIMA;FINALIZADA;CAJUEIRO;RUA CORONEL URBANO RIBEIRO DE SENA;;;TORRE DO CAPIBARIBE;CAJUEIRO;;;CHOQUE;0,0;0,0;0,0;0,0;0,0;0,0;0,0;0,0;0,0;0,0;0,0;;;;;;;;;;;;;
298646,0;2024-03-03;12:01:00;SEM VÍTIMA;FINALIZADA;IPUTINGA;RUA SAO MATEUS;;RUA LEAL DE BARROS;ANTIGO DEPÓSITO DOS CORREIOS / CONDOMÍNIO FLORENÇA;IPUTINGA;;;COLISÃO;0,0;2,0;0,0;0,0;0,0;0,0;0,0;0,0;0,0;0,0;0,0;;;;;;;;;;;;;
298647,0;2024-03-03;02:11:00;COM VÍTIMA;FINALIZADA;ESPINHEIRO;RUA DR JOSE MARIA;900;RUA DES MARTINS PEREIRA;ESQUINA COM A DROGASIL;ESPINHEIRO;;;COLISÃO;2,0;0,0;0,0;0,0;0,0;0,0;0,0;0,0;0,0;1,0;0,0;;;;;;;;;;;;;
298655,0;2024-03-03;06:03:00;COM VÍTIMA;FINALIZADA;CAXANGA;RUA FRANCISCO TORRES;530;;NA RUA DO ANTIGO CAFUNDO, NA RUA DO BAR DA MAÇA;CAXANGA;;;COLISÃO LATERAL;1,0;1,0;0,0;0,0;0,0;0,0;0,0;0,0;0,0;1,0;0,0;;;;;;;;;;;;;
298678,0;2024-03-03;01:51:00;COM VÍTIMA;FINALIZADA;ESPINHEIRO;AV NORTE MIGUEL ARRAES DE ALENCAR;;AV JOAO DE BARROS;;ESPINHEIRO;43,0;;COLISÃO TRASEIRA;2,0;0,0;0,0;0,0;0,0;0,0;0,0;0,0;0,0;1,0;0,0;;;;;;;;;;;;;
298681,0;2024-03-03;03:34:00;COM VÍTIMA;FINALIZADA;TAMARINEIRA;RUA NETO DE MENDONCA;;AV CONS ROSA E SILVA;EM FRENTE A SMART FIT;TAMARINEIRA;;;COLISÃO LATERAL;1,0;1,0;0,0;0,0;0,0;0,0;0,0;0,0;0,0;1,0;0,0;;;;;;;;;;;;;
298685,0;2024-03-03;05:39:00;COM VÍTIMA;FINALIZADA;ALTO JOSE BONIFACIO;RUA ALTO JOSE BONIFACIO;140;;;ALTO JOSE BONIFACIO;;CIDADE;;0,0;0,0;0,0;0,0;0,0;0,0;0,0;0,0;0,0;1,0;0,0;;;;;;;;;;;;;
298695,0;2024-03-03;11:14:00;SEM VÍTIMA;FINALIZADA;MORRO DA CONCEICAO;RUA ITACOATIARA;374;LGO DOM LUIZ;SUBIDA MORRO;MORRO DA CONCEICAO;;;COLISÃO;2,0;0,0;0,0;0,0;0,0;0,0;0,0;0,0;0,0;0,0;0,0;;;;;;;;;;;;;
298708,0;2024-03-04;07:21:00;COM VÍTIMA;FINALIZADA;AFOGADOS;RUA SAO MIGUEL;1033;;PROX AO POSTO DE COMBUSTIVEL PETRO BAHIA;AFOGADOS;;;COLISÃO TRANSVERSAL;1,0;1,0;0,0;0,0;0,0;0,0;0,0;0,0;0,0;1,0;0,0;;;;;;;;;;;;;
298710,0;2024-03-04;07:24:00;COM VÍTIMA;FINALIZADA;BOA VIAGEM;AV FERNANDO SIMOES BARBOSA;;RUA BRUNO VELOSO;;BOA VIAGEM;;;COLISÃO;0,0;1,0;0,0;0,0;0,0;0,0;0,0;0,0;0,0;1,0;0,0;;;;;;;;;;;;;
298714,0;2024-03-04;07:43:00;COM VÍTIMA;FINALIZADA;AFOGADOS;RUA VINTE E UM DE ABRIL;1745;;MERCADINHO BARATEIRO;AFOGADOS;;;COLISÃO LATERAL;1,0;1,0;0,0;0,0;0,0;0,0;0,0;0,0;0,0;1,0;0,0;;;;;;;;;;;;;
298715,0;2024-03-04;07:47:00;COM VÍTIMA;DUPLICIDADE;BOA VIAGEM;RUA BRUNO VELOSO;;AV FERNANDO SIMOES BARBOSA;SAÍDA DO SHOPPING RECIFE;BOA VIAGEM;;;COLISÃO TRASEIRA;1,0;1,0;0,0;0,0;0,0;0,0;0,0;0,0;0,0;1,0;0,0;;;;;;;;;;;;;
298725,0;2024-03-04;08:57:00;COM VÍTIMA;FINALIZADA;PINA;AVENIDA CELSO FURTADO (VIA MANGUE);;;SENT. BOA VIAGEM NO 2° RADAR;PINA;;;CHOQUE;0,0;1,0;0,0;0,0;0,0;0,0;0,0;0,0;0,0;1,0;0,0;;;;;;;;;;;;;
298728,0;2024-03-04;09:56:00;SEM VÍTIMA;FINALIZADA;BONGI;RUA DR SEVERINO JATOBA;119;RUA ISAAC MARKMAN;EM FRENTE AO EDIFÍCIO PRIMAVERA;BONGI;;;COLISÃO LATERAL;1,0;0,0;0,0;0,0;0,0;0,0;0,0;1,0;0,0;0,0;0,0;;;;;;;;;;;;;
298734,0;2024-03-04;10:22:00;COM VÍTIMA;FINALIZADA;AREIAS;AV RECIFE;;;EM FRENTE AO HOSPITAL DO IDOSO, SENTIDO CEASA;AREIAS;;;COLISÃO;0,0;2,0;0,0;0,0;0,0;0,0;0,0;0,0;0,0;2,0;0,0;;;;;;;;;;;;;
298746,0;2024-03-04;12:06:00;COM VÍTIMA;DUPLICIDADE;IMBIRIBEIRA;AV PINHEIROS;958;;PROX AO COLEGIO ANITTA GARIBALD;IMBIRIBEIRA;;;COLISÃO;0,0;1,0;0,0;0,0;0,0;0,0;0,0;0,0;0,0;1,0;0,0;;;;;;;;;;;;;
298747,0;2024-03-04;12:06:00;COM VÍTIMA;FINALIZADA;AREIAS;AV RECIFE;4866;;EM FRENTE AO HOSPITAL DO IDOSO;AREIAS;;;COLISÃO;0,0;1,0;0,0;0,0;0,0;0,0;0,0;0,0;0,0;1,0;0,0;;;;;;;;;;;;;
298748,0;2024-03-04;12:06:00;COM VÍTIMA;FINALIZADA;JORDAO;RUA ALBERTO LUNDGREN;47;;PROX A PRÇA DO JORDAO BAIXO, PROX AO NUCLEO POLICIAL;JORDAO;;;COLISÃO;0,0;1,0;0,0;0,0;0,0;0,0;0,0;0,0;0,0;1,0;0,0;;;;;;;;;;;;;
298749,0;2024-03-04;12:07:00;COM VÍTIMA;FINALIZADA;IMBIRIBEIRA;RUA ARQUITETO LUIZ NUNES;958;;IGREJA DOS MORMOS;IMBIRIBEIRA;;;COLISÃO TRASEIRA;1,0;1,0;0,0;0,0;0,0;0,0;0,0;0,0;0,0;1,0;0,0;;;;;;;;;;;;;
298755,0;2024-03-04;01:24:00;COM VÍTIMA;FINALIZADA;VARZEA;RUA AGRICOLANDIA;73;;PROXIMO AO POSTO BR;VARZEA;;;COLISÃO;0,0;1,0;0,0;0,0;0,0;0,0;0,0;0,0;0,0;1,0;0,0;;;;;;;;;;;;;
298760,0;2024-03-04;02:44:00;COM VÍTIMA;FINALIZADA;JOANA BEZERRA;RUA DES OTILIO NEIVA;;;AO LADO DA ESCOLA  JUDICIAL DE PERNAMBUCO;JOANA BEZERRA;;;COLISÃO LATERAL;1,0;1,0;0,0;0,0;0,0;0,0;0,0;0,0;0,0;2,0;0,0;;;;;;;;;;;;;
298764,0;2024-03-04;03:36:00;COM VÍTIMA;FINALIZADA;SANTO AMARO;AV CRUZ CABUGA;;;EM FRENTE A IGREJA MUNDIAL;SANTO AMARO;;;ATROPELAMENTO DE PESSOA;0,0;0,0;0,0;0,0;1,0;0,0;0,0;0,0;0,0;1,0;0,0;;;;;;;;;;;;;
298768,0;2024-03-04;04:34:00;COM VÍTIMA;FINALIZADA;TEJIPIO;AV DR JOSE RUFINO;4715;;EM FRENTE A ESTAÇÃO TEJIPIO;TEJIPIO;;;COLISÃO;0,0;1,0;0,0;0,0;0,0;0,0;0,0;0,0;0,0;1,0;0,0;;;;;;;;;;;;;
298773,0;2024-03-04;05:46:00;COM VÍTIMA;FINALIZADA;BOA VIAGEM;VIADUTO TANCREDO NEVES;1551;;NA SUBIDA DO VIADUTO E APÓS O RESTAURANTE SAL E BRASA;BOA VIAGEM;;;COLISÃO;0,0;1,0;0,0;0,0;0,0;0,0;0,0;0,0;0,0;1,0;0,0;;;;;;;;;;;;;
298774,0;2024-03-04;06:04:00;COM VÍTIMA;FINALIZADA;SAO JOSE;AV SUL;52;;;SAO JOSE;;;ATROPELAMENTO DE PESSOA;1,0;0,0;0,0;0,0;1,0;0,0;0,0;0,0;0,0;1,0;0,0;;;;;;;;;;;;;
298775,0;2024-03-04;06:27:00;COM VÍTIMA;FINALIZADA;SANTO AMARO;AV GOVERNADOR AGAMENON MAGALHAES;;;POSTO DISLUB / CAMPO DO 11;SANTO AMARO;;;COLISÃO LATERAL;1,0;1,0;0,0;0,0;0,0;0,0;0,0;0,0;0,0;1,0;0,0;;;;;;;;;;;;;
298782,0;2024-03-04;10:04:00;COM VÍTIMA;FINALIZADA;ESTANCIA;AV RECIFE;;AV TAPAJOS;POSTO PETROBRAS;ESTANCIA;;;COLISÃO;0,0;2,0;0,0;0,0;0,0;0,0;0,0;0,0;0,0;2,0;0,0;;;;;;;;;;;;;
298795,0;2024-03-05;06:59:00;COM VÍTIMA;FINALIZADA;IBURA;AV PERNAMBUCO;;;UR-01 PROX. AO CAMPO, PRAÇA E ESCOLA MARIA SAMPAIO;IBURA;;;COLISÃO LATERAL;0,0;1,0;0,0;0,0;0,0;0,0;0,0;0,0;0,0;1,0;0,0;;;;;;;;;;;;;
298800,0;2024-03-05;07:59:00;COM VÍTIMA;FINALIZADA;VARZEA;AV CAXANGA;;;EM FRENTE A CHURRASCARIA BOI E BRASA, PROX. AO HOSPITAL SANTA TERESINHA;VARZEA;;;COLISÃO LATERAL;0,0;1,0;0,0;0,0;0,0;0,0;0,0;0,0;0,0;1,0;0,0;;;;;;;;;;;;;
298802,0;2024-03-05;08:17:00;COM VÍTIMA;FINALIZADA;BOA VIAGEM;RUA MINISTRO NELSON HUNGRIA;;;PROX. A ESCOLA SANTA MARIA;BOA VIAGEM;;;COLISÃO LATERAL;0,0;1,0;0,0;0,0;0,0;0,0;0,0;0,0;0,0;1,0;0,0;;;;;;;;;;;;;
298804,0;2024-03-05;08:33:00;COM VÍTIMA;FINALIZADA;MADALENA;RUA JOSE OSORIO;;;PROX. A MORAIS MULTIMARCAS VEICULOS;MADALENA;;;COLISÃO LATERAL;0,0;1,0;0,0;0,0;0,0;0,0;0,0;0,0;0,0;1,0;0,0;;;;;;;;;;;;;
298825,0;2024-03-05;11:47:00;COM VÍTIMA;FINALIZADA;BOA VIAGEM;RUA CAMBOIM;623;;NA RUA DO PET SHOP PET CENTER;BOA VIAGEM;;;COLISÃO;1,0;0,0;0,0;0,0;0,0;0,0;0,0;0,0;0,0;1,0;0,0;;;;;;;;;;;;;
298833,0;2024-03-05;12:29:00;COM VÍTIMA;FINALIZADA;COELHOS;RUA PREFEITO JORGE MARTINS;15;;EM FRENTE A CRECHE MUNICIPAL VOVÔ ARTHUR;COELHOS;;;COLISÃO;0,0;1,0;0,0;0,0;0,0;0,0;0,0;0,0;0,0;1,0;0,0;;;;;;;;;;;;;
298840,0;2024-03-05;01:16:00;COM VÍTIMA;FINALIZADA;TEJIPIO;AV DR JOSE RUFINO;4382;;AO LADO DA ESCOLA ALBERTO TORRES;TEJIPIO;;;COLISÃO;0,0;1,0;0,0;0,0;0,0;0,0;0,0;0,0;0,0;1,0;0,0;;;;;;;;;;;;;
298841,0;2024-03-05;02:15:00;COM VÍTIMA;FINALIZADA;IMBIRIBEIRA;AV MARECHAL MASCARENHAS DE MORAES;;;EM FRENTE AO GERALDÃO SENTIDO AEROPORTO;IMBIRIBEIRA;;;COLISÃO;0,0;1,0;0,0;0,0;0,0;0,0;0,0;0,0;0,0;1,0;0,0;;;;;;;;;;;;;
298842,0;2024-03-05;02:17:00;COM VÍTIMA;FINALIZADA;VARZEA;RUA MARIO CAMPELO;11;;PROXIMO AO MUSEU DE BRENNAND;VARZEA;;;COLISÃO LATERAL;0,0;1,0;0,0;0,0;0,0;0,0;0,0;0,0;0,0;1,0;0,0;;;;;;;;;;;;;
298845,0;2024-03-05;02:39:00;SEM VÍTIMA;FINALIZADA;PRADO;AV ENGENHEIRO ABDIAS DE CARVALHO;;;PRÓXIMO AO EDIFÍCIO SINEIDE RODRIGUES;PRADO;;;COLISÃO;0,0;0,0;0,0;0,0;0,0;0,0;0,0;0,0;0,0;0,0;0,0;;;;;;;;;;;;;
298852,0;2024-03-05;03:38:00;COM VÍTIMA;FINALIZADA;SANTO AMARO;RUA GERVASIO PIRES;506;;EM FRENTE AO CEMEPE;SANTO AMARO;;;COLISÃO;0,0;1,0;0,0;0,0;0,0;0,0;0,0;0,0;0,0;1,0;0,0;;;;;;;;;;;;;
298854,0;2024-03-05;04:05:00;SEM VÍTIMA;FINALIZADA;IMBIRIBEIRA;AV MARECHAL MASCARENHAS DE MORAES;1818;AV ENGENHEIRO ALVES DE SOUZA;LADO OPOSTO AO Nº 1818;IMBIRIBEIRA;288,0;SUBURBIO;COLISÃO;0,0;2,0;0,0;0,0;0,0;0,0;0,0;0,0;0,0;0,0;0,0;;;;;;;;;;;;;
298858,0;2024-03-05;04:36:00;COM VÍTIMA;FINALIZADA;BOMBA DO HEMETERIO;EST VELHA DE AGUA FRIA;1207;;PROX A IGREJA PRESBITERIANA;BOMBA DO HEMETERIO;;CIDADE;COLISÃO TRASEIRA;1,0;1,0;0,0;0,0;0,0;0,0;0,0;0,0;0,0;1,0;0,0;;;;;;;;;;;;;
298864,0;2024-03-05;06:14:00;COM VÍTIMA;FINALIZADA;ILHA DO LEITE;AV ADVOGADO JOSE PAULO CAVALCANTI;;;FORUM RODOLFO AURELIANO;ILHA DO LEITE;;;COLISÃO LATERAL;1,0;1,0;0,0;0,0;0,0;0,0;0,0;0,0;0,0;1,0;0,0;;;;;;;;;;;;;
298865,0;2024-03-05;06:26:00;COM VÍTIMA;FINALIZADA;CABANGA;RUA BITURI;235;;ESTAÇÃO DA COMPESA;CABANGA;;;COLISÃO FRONTAL;1,0;1,0;0,0;0,0;0,0;0,0;0,0;0,0;0,0;1,0;0,0;;;;;;;;;;;;;
298868,0;2024-03-05;06:35:00;COM VÍTIMA;DUPLICIDADE;JOANA BEZERRA;RUA PREFEITO JORGE MARTINS;S/N;;EM FRENTE AO ACESSO DO FORUM RODOLFO AURELIANO;JOANA BEZERRA;;;COLISÃO TRASEIRA;1,0;1,0;0,0;0,0;0,0;0,0;0,0;0,0;0,0;1,0;0,0;;;;;;;;;;;;;
298875,0;2024-03-05;07:09:00;COM VÍTIMA;FINALIZADA;CASA FORTE;AV DEZESSETE DE AGOSTO;5058;;NO FINAL DA ESTRADA DO ARRAIAL - SENTIDO APIPUCOS;CASA FORTE;;SUBURBIO;COLISÃO FRONTAL;1,0;1,0;0,0;0,0;0,0;0,0;0,0;0,0;0,0;1,0;0,0;;;;;;;;;;;;;
298883,0;2024-03-05;08:53:00;COM VÍTIMA;FINALIZADA;IPUTINGA;AV CAXANGA;;;E/F MIX MATEUS;IPUTINGA;;;ATROPELAMENTO DE PESSOA;0,0;1,0;0,0;0,0;2,0;0,0;0,0;0,0;0,0;2,0;0,0;;;;;;;;;;;;;
298886,0;2024-03-05;09:32:00;COM VÍTIMA;FINALIZADA;JIQUIA;RUA SAO MIGUEL;2015;;;JIQUIA;;;COLISÃO;1,0;1,0;0,0;0,0;0,0;0,0;0,0;0,0;0,0;1,0;0,0;;;;;;;;;;;;;
298888,0;2024-03-05;10:01:00;COM VÍTIMA;FINALIZADA;CABANGA;AV ENGENHEIRO JOSE ESTELITA;;;APÓS A PONTE AGAMENOM MAGALHÃES SENTIDO CIDADE;CABANGA;;;COLISÃO;1,0;1,0;0,0;0,0;0,0;0,0;0,0;0,0;0,0;2,0;0,0;;;;;;;;;;;;;
298890,0;2024-03-05;11:13:00;SEM VÍTIMA;FINALIZADA;IMBIRIBEIRA;AV MARECHAL MASCARENHAS DE MORAES;;;EM FRENTE  AO SEST SENAT;IMBIRIBEIRA;276,0;SUBURBIO;COLISÃO TRASEIRA;2,0;0,0;0,0;0,0;0,0;0,0;0,0;0,0;0,0;0,0;0,0;;;;;;;;;;;;;
298895,0;2024-03-06;06:43:00;COM VÍTIMA;FINALIZADA;IBURA;AV DOM HELDER CAMARA;;;NUCLEO DA PM / ARMAZEM CORAL;IBURA;;;COLISÃO TRASEIRA;0,0;1,0;0,0;0,0;0,0;1,0;0,0;0,0;0,0;1,0;0,0;;;;;;;;;;;;;
298897,0;2024-03-06;07:37:00;COM VÍTIMA;FINALIZADA;ARRUDA;AV BEBERIBE;;;PRÓX A DISNOVE E ALOJA DA SHINERAY / SENTIDO ENCRUZILHADA;ARRUDA;;;COLISÃO;0,0;1,0;0,0;0,0;0,0;0,0;0,0;0,0;0,0;1,0;0,0;;;;;;;;;;;;;
298920,0;2024-03-06;01:20:00;COM VÍTIMA;FINALIZADA;TAMARINEIRA;RUA CONEGO BARATA;436;;EM FRENTE AO RESTAURANTE AROMAS;TAMARINEIRA;;;COLISÃO LATERAL;1,0;1,0;0,0;0,0;0,0;0,0;0,0;0,0;0,0;1,0;0,0;;;;;;;;;;;;;
298923,0;2024-03-06;01:39:00;COM VÍTIMA;FINALIZADA;SAO JOSE;RUA DA CONCORDIA;;RUA TOBIAS BARRETO;E/F A VENEZA MUSIC;SAO JOSE;;;COLISÃO FRONTAL;1,0;1,0;0,0;0,0;0,0;0,0;0,0;0,0;0,0;1,0;0,0;;;;;;;;;;;;;
298928,0;2024-03-06;04:05:00;COM VÍTIMA;FINALIZADA;BOA VIAGEM;AV BOA VIAGEM;2290;;E/F AO EDF  PARQUE ATLANTICO;BOA VIAGEM;;;COLISÃO LATERAL;1,0;1,0;0,0;0,0;0,0;0,0;0,0;0,0;0,0;1,0;0,0;;;;;;;;;;;;;
298931,0;2024-03-06;04:33:00;COM VÍTIMA;FINALIZADA;BOA VIAGEM;AV CONSELHEIRO AGUIAR;3900;;E/F AO BANCO DO BRASIL;BOA VIAGEM;;;COLISÃO FRONTAL;0,0;0,0;0,0;0,0;0,0;0,0;0,0;0,0;0,0;1,0;0,0;;;;;;;;;;;;;
298932,0;2024-03-06;04:42:00;COM VÍTIMA;FINALIZADA;BOA VIAGEM;RUA CRUZEIRO DO FORTE;491;;PROX AO TERMINAL DE SETUBAL S/T PIEDADE;BOA VIAGEM;;;COLISÃO LATERAL;0,0;1,0;0,0;0,0;0,0;0,0;1,0;0,0;0,0;1,0;0,0;;;;;;;;;;;;;
298935,0;2024-03-06;05:12:00;COM VÍTIMA;FINALIZADA;IBURA;AV DOIS RIOS;;;EM FRENTE A UPAE;IBURA;594,0;;COLISÃO COM CICLISTA;1,0;0,0;0,0;1,0;0,0;0,0;0,0;0,0;0,0;1,0;0,0;;;;;;;;;;;;;
298936,0;2024-03-06;05:13:00;COM VÍTIMA;FINALIZADA;ROSARINHO;RUA DR JOSE MARIA;578;;PROX A CASA ROSADA;ROSARINHO;;;COLISÃO FRONTAL;1,0;1,0;0,0;0,0;0,0;0,0;0,0;0,0;0,0;1,0;0,0;;;;;;;;;;;;;
298937,0;2024-03-06;05:58:00;SEM VÍTIMA;FINALIZADA;MADALENA;RUA BENFICA;286;;E/F AO COLEGIO GGE;MADALENA;;;COLISÃO LATERAL;1,0;0,0;0,0;0,0;0,0;0,0;0,0;0,0;0,0;0,0;0,0;;;;;;;;;;;;;
298946,0;2024-03-06;08:32:00;COM VÍTIMA;FINALIZADA;ENCRUZILHADA;AV NORTE MIGUEL ARRAES DE ALENCAR;;;EM FRENTE A PEDRAGON;ENCRUZILHADA;;SUBURBIO;COLISÃO;0,0;2,0;0,0;0,0;0,0;0,0;0,0;0,0;0,0;2,0;0,0;;;;;;;;;;;;;
298951,0;2024-03-06;11:53:00;COM VÍTIMA;FINALIZADA;BOA VISTA;AV GOVERNADOR AGAMENON MAGALHAES;;PRC PARQUE AMORIM;;BOA VISTA;;;QUEDA;0,0;1,0;0,0;0,0;0,0;0,0;0,0;0,0;0,0;1,0;0,0;;;;;;;;;;;;;
298952,0;2024-03-07;01:54:00;COM VÍTIMA;FINALIZADA;CORDEIRO;RUA GOMES TABORDA;1460;;PRÓXIMO AO MERCADINHO IDEAL MIX;CORDEIRO;;;COLISÃO TRASEIRA;0,0;0,0;0,0;0,0;0,0;0,0;0,0;0,0;0,0;1,0;0,0;;;;;;;;;;;;;
298964,0;2024-03-07;06:57:00;COM VÍTIMA;FINALIZADA;BOA VIAGEM;RUA VISCONDE DE JEQUITINHONHA;2616;;PROX. AO EDF. MAR AZUL;BOA VIAGEM;;;COLISÃO LATERAL;0,0;1,0;0,0;0,0;0,0;0,0;0,0;0,0;0,0;1,0;0,0;;;;;;;;;;;;;
298966,0;2024-03-07;07:19:00;COM VÍTIMA;FINALIZADA;TAMARINEIRA;RUA CONEGO BARATA;;AV NORTE MIGUEL ARRAES DE ALENCAR;PROX. A FERREIRA COSTA;TAMARINEIRA;;;COLISÃO LATERAL;0,0;1,0;0,0;0,0;0,0;0,0;0,0;0,0;0,0;1,0;0,0;;;;;;;;;;;;;
298969,0;2024-03-07;07:28:00;COM VÍTIMA;FINALIZADA;CAXANGA;AV CAXANGA;;;PROXIMO AO NUMERO 2.200/ PARQUE DE EXPOSIÇOES;CAXANGA;;;COLISÃO;1,0;1,0;0,0;0,0;0,0;0,0;0,0;0,0;0,0;1,0;0,0;;;;;;;;;;;;;
298970,0;2024-03-07;07:29:00;COM VÍTIMA;DUPLICIDADE;AGUA FRIA;AV NORTE MIGUEL ARRAES DE ALENCAR;;EST VELHA DE AGUA FRIA;PROX A FERREIRA COSTA;AGUA FRIA;;;COLISÃO LATERAL;0,0;1,0;0,0;0,0;0,0;1,0;0,0;0,0;0,0;1,0;0,0;;;;;;;;;;;;;
298992,0;2024-03-07;10:44:00;COM VÍTIMA;FINALIZADA;ESPINHEIRO;AV GOVERNADOR AGAMENON MAGALHAES;;;VIA LOCAL APOS A QUITANDARIA SENT. BOA VIAGEM;ESPINHEIRO;;;COLISÃO FRONTAL;0,0;1,0;0,0;0,0;0,0;1,0;0,0;0,0;0,0;1,0;0,0;;;;;;;;;;;;;
298999,0;2024-03-07;12:36:00;COM VÍTIMA;FINALIZADA;IMBIRIBEIRA;AV PINHEIROS;;;PROX A GRILLO FLORES  / SENTIDO AEROPORTO;IMBIRIBEIRA;;;COLISÃO LATERAL;1,0;1,0;0,0;0,0;0,0;0,0;0,0;0,0;0,0;1,0;0,0;;;;;;;;;;;;;
299000,0;2024-03-07;12:40:00;COM VÍTIMA;FINALIZADA;ENGENHO DO MEIO;RUA DOM JOAO MOURA;51;RUA VALDEMAR FALCAO;TERMINAL DE ONIBUS DO ENGENHO DO MEIO;ENGENHO DO MEIO;;;COLISÃO LATERAL;0,0;1,0;0,0;0,0;0,0;0,0;1,0;0,0;0,0;1,0;0,0;;;;;;;;;;;;;
299003,0;2024-03-07;01:44:00;SEM VÍTIMA;FINALIZADA;SANCHO;RUA ORFEU DO CARNAVAL;;;PRESÍDIO ANIBAL BRUNO;SANCHO;;SUBURBIO;CHOQUE;0,0;0,0;0,0;0,0;0,0;0,0;0,0;1,0;0,0;0,0;0,0;;;;;;;;;;;;;
299010,0;2024-03-07;03:20:00;COM VÍTIMA;FINALIZADA;SAO JOSE;C SANTA RITA;;;TERMINAL DO CAIS DE SANTA RITA;SAO JOSE;;;ATROPELAMENTO DE PESSOA;0,0;0,0;0,0;0,0;1,0;1,0;0,0;0,0;0,0;1,0;0,0;;;;;;;;;;;;;
299011,0;2024-03-07;03:32:00;SEM VÍTIMA;FINALIZADA;GRACAS;AV CONS ROSA E SILVA;295;;EM FRENTE LOJA COLCHÕES STORE;GRACAS;;CIDADE;COLISÃO LATERAL;2,0;0,0;0,0;0,0;0,0;0,0;0,0;0,0;0,0;0,0;0,0;;;;;;;;;;;;;
299012,0;2024-03-07;03:46:00;COM VÍTIMA;FINALIZADA;TORRE;RUA CONDE DE IRAJA;;;PROXIMO AO RECIBOM E PROXIMO A PADARIA PAN ARMADA;TORRE;;;COLISÃO;0,0;1,0;0,0;0,0;0,0;0,0;0,0;0,0;0,0;1,0;0,0;;;;;;;;;;;;;
299013,0;2024-03-07;03:56:00;COM VÍTIMA;FINALIZADA;CAXANGA;AV JOAQUIM RIBEIRO;2269;;EM FRENTE A FABRICA DA AGUA MINERAL CAXANGA/ SENTIDO CAMARAGIBE;CAXANGA;;;COLISÃO;0,0;1,0;0,0;0,0;0,0;0,0;0,0;0,0;0,0;1,0;0,0;;;;;;;;;;;;;
299016,0;2024-03-07;04:30:00;SEM VÍTIMA;FINALIZADA;CASA AMARELA;AV DR EURICO CHAVES;484;;SORVETERIA EXPLOSÃO DE SABOR;CASA AMARELA;;SUBURBIO;COLISÃO FRONTAL;0,0;1,0;0,0;0,0;0,0;0,0;0,0;1,0;0,0;0,0;0,0;;;;;;;;;;;;;
299019,0;2024-03-07;04:53:00;SEM VÍTIMA;FINALIZADA;BOA VISTA;RUA JOAO FERNANDES VIEIRA;587;;PRÓX. AO HOSPITAL DE FRATURAS;BOA VISTA;;;COLISÃO LATERAL;1,0;0,0;0,0;0,0;0,0;0,0;1,0;0,0;0,0;0,0;0,0;;;;;;;;;;;;;
299023,0;2024-03-07;05:31:00;COM VÍTIMA;FINALIZADA;PINA;RUA MANOEL DE BRITO;;AV REPUBLICA ARABE UNIDA;SEMÁFORO 659;PINA;;;COLISÃO COM CICLISTA;0,0;0,0;0,0;1,0;0,0;1,0;0,0;0,0;0,0;1,0;0,0;;;;;;;;;;;;;
299032,0;2024-03-07;06:45:00;COM VÍTIMA;FINALIZADA;BOA VIAGEM;AV CONSELHEIRO AGUIAR;88;;EXTRA;BOA VIAGEM;;;COLISÃO FRONTAL;1,0;1,0;0,0;0,0;0,0;0,0;0,0;0,0;0,0;1,0;0,0;;;;;;;;;;;;;
299035,0;2024-03-07;07:36:00;COM VÍTIMA;FINALIZADA;ENCRUZILHADA;RUA AMARO COUTINHO;;;NA FRENTE DO BAR DO TONHÃO;ENCRUZILHADA;;;COLISÃO LATERAL;1,0;1,0;0,0;0,0;0,0;0,0;0,0;0,0;0,0;1,0;0,0;;;;;;;;;;;;;
299045,0;2024-03-07;10:19:00;COM VÍTIMA;FINALIZADA;MACAXEIRA;AV JOSE AMERICO DE ALMEIDA;;;ESCOLA DO CIRCO;MACAXEIRA;;;COLISÃO LATERAL;1,0;1,0;0,0;0,0;0,0;0,0;0,0;0,0;0,0;1,0;0,0;;;;;;;;;;;;;