Protocolo;data;hora;natureza;situacao;bairro;endereco;numero;detalhe_endereco_acidente;complemento;bairro_cruzamento;num_semaforo;sentido_via;tipo;auto;moto;ciclom;ciclista;pedestre;onibus;caminhao;viatura;outros;vitimas;vitimasfatais;acidente_verificado;tempo_clima;situacao_semaforo;sinalizacao;condicao_via;conservacao_via;ponto_controle;situacao_placa;velocidade_max_via;mao_direcao;divisao_via1;divisao_via2;divisao_via3
202406651,0;2024-03-13;06:56:00;COM VÍTIMA;CANCELADA;PINA;RUA JOSE RODRIGUES;1350;;IGREJA DOS CAPUCHINHOS;PINA;;;COLISÃO LATERAL;0,0;1,0;0,0;0,0;0,0;0,0;0,0;0,0;0,0;1,0;0,0;;;;;;;;;;;;;
202406658,0;2024-03-13;10:38:00;COM VÍTIMA;FINALIZADA;CORDEIRO;RUA GOMES TABORDA;;EST DO FORTE DO ARRAIAL N. DO B. JESUS;;CORDEIRO;;;COLISÃO LATERAL;1,0;1,0;0,0;0,0;0,0;0,0;0,0;0,0;0,0;1,0;0,0;;;;;;;;;;;;;
202406665,0;2024-03-14;04:29:00;SEM VÍTIMA;FINALIZADA;IBURA;AV DOIS RIOS;;LAD DA COHAB;SEMAFORO 707;IBURA;707,0;;CHOQUE;0,0;0,0;0,0;0,0;0,0;0,0;0,0;0,0;0,0;0,0;0,0;;;;;;;;;;;;;
202406684,0;2024-03-14;07:55:00;COM VÍTIMA;FINALIZADA;IPUTINGA;AV CAXANGA;;;EM FRENTE A AUTO ESCOLA PILOTO E A PARADA DO BRT;IPUTINGA;;;COLISÃO LATERAL;0,0;1,0;0,0;0,0;0,0;0,0;0,0;0,0;0,0;1,0;0,0;;;;;;;;;;;;;
202406686,0;2024-03-14;08:04:00;COM VÍTIMA;FINALIZADA;MADALENA;RUA JOSE OSORIO;;;PROX. A GT VEICULOS E ZEUS MULTIMARCAS;MADALENA;;;COLISÃO LATERAL;0,0;1,0;0,0;0,0;0,0;0,0;0,0;0,0;0,0;1,0;0,0;;;;;;;;;;;;;
202406697,0;2024-03-14;09:41:00;COM VÍTIMA;FINALIZADA;BOA VISTA;AV CONDE DA BOA VISTA;;;EM FRENTE A DEFENSORIA PUBLICA;BOA VISTA;682,0;;COLISÃO TRASEIRA;0,0;1,0;0,0;0,0;0,0;1,0;0,0;0,0;0,0;1,0;0,0;;;;;;;;;;;;;
202406700,0;2024-03-14;09:48:00;COM VÍTIMA;FINALIZADA;JOANA BEZERRA;VIADUTO CAPITAO TEMUDO;106;;EM CIMA DO VIADUTO CAPITÃO TEMUDO;JOANA BEZERRA;;;COLISÃO;0,0;1,0;0,0;0,0;0,0;0,0;0,0;0,0;0,0;1,0;0,0;;;;;;;;;;;;;
202406702,0;2024-03-14;10:24:00;COM VÍTIMA;FINALIZADA;IMBIRIBEIRA;AV MARECHAL MASCARENHAS DE MORAES;;;EM FRENTE AO ESTADIO DO GERALDÃO;IMBIRIBEIRA;;;COLISÃO;0,0;1,0;0,0;0,0;0,0;0,0;0,0;0,0;0,0;1,0;0,0;;;;;;;;;;;;;
202406712,0;2024-03-14;11:02:00;COM VÍTIMA;FINALIZADA;IMBIRIBEIRA;AV MARECHAL MASCARENHAS DE MORAES;;;EM FRENTE A MADER CENTER SENTIDO BOA VIAGEM;IMBIRIBEIRA;;;COLISÃO;0,0;1,0;0,0;0,0;0,0;0,0;0,0;0,0;0,0;1,0;0,0;;;;;;;;;;;;;
202406726,0;2024-03-14;01:52:00;COM VÍTIMA;FINALIZADA;MADALENA;RUA BENFICA;371;;COLÉGIO GGE;MADALENA;;;COLISÃO LATERAL;0,0;0,0;1,0;0,0;0,0;0,0;0,0;0,0;0,0;1,0;0,0;;;;;;;;;;;;;
202406728,0;2024-03-14;02:00:00;COM VÍTIMA;FINALIZADA;PAISSANDU;RUA PAISSANDU;669;;ESCRITÓRIO CEMITÉRIO MORADA DA PAZ;PAISSANDU;;;COLISÃO LATERAL;0,0;0,0;1,0;0,0;0,0;0,0;0,0;0,0;0,0;1,0;0,0;;;;;;;;;;;;;
202406741,0;2024-03-14;05:14:00;COM VÍTIMA;FINALIZADA;DOIS IRMAOS;RUA DOIS IRMAOS;917;;LAFEPE;DOIS IRMAOS;;;COLISÃO LATERAL;0,0;1,0;0,0;0,0;0,0;0,0;0,0;0,0;0,0;1,0;0,0;;;;;;;;;;;;;
202406746,0;2024-03-14;06:49:00;COM VÍTIMA;FINALIZADA;BOA VIAGEM;RUA VISCONDE DE JEQUITINHONHA;7150;;CONDOMINIO DA AERONAUTICA;BOA VIAGEM;;;COLISÃO LATERAL;0,0;1,0;0,0;0,0;0,0;0,0;0,0;0,0;0,0;1,0;0,0;;;;;;;;;;;;;
202406755,0;2024-03-14;08:22:00;COM VÍTIMA;FINALIZADA;IMBIRIBEIRA;AV MARECHAL MASCARENHAS DE MORAES;;;EM FRENTE A ASSOCIAÇÃO DE FORNECEDORES DE CANA DE PERNAMBUCO;IMBIRIBEIRA;;;QUEDA;0,0;1,0;0,0;0,0;0,0;0,0;0,0;0,0;0,0;1,0;0,0;;;;;;;;;;;;;
202406757,0;2024-03-14;10:21:00;SEM VÍTIMA;FINALIZADA;IMBIRIBEIRA;PRC MINISTRO SALGADO FILHO;;;NA SUBIDA DA ALÇA DE RETORNO APÓS O AEROPORTO;IMBIRIBEIRA;;SUBURBIO;CHOQUE;1,0;0,0;0,0;0,0;0,0;0,0;0,0;0,0;0,0;0,0;0,0;;;;;;;;;;;;;
202406773,0;2024-03-15;07:04:00;COM VÍTIMA;FINALIZADA;IMBIRIBEIRA;AV MARECHAL MASCARENHAS DE MORAES;;;PROX. A JACAUNA MOVEIS E FACULDADE UNIVERSO;IMBIRIBEIRA;;;COLISÃO LATERAL;2,0;0,0;0,0;0,0;0,0;0,0;0,0;0,0;0,0;1,0;0,0;;;;;;;;;;;;;
202406774,0;2024-03-15;07:13:00;COM VÍTIMA;FINALIZADA;CAMPO GRANDE;RUA BONINA;;;PROX. AO CANAL DO ARRUDA, POSTO DE SAUDE SANTO ANTONIO E POSTO DISLUB;CAMPO GRANDE;;;COLISÃO LATERAL;0,0;1,0;0,0;0,0;0,0;0,0;0,0;0,0;0,0;1,0;0,0;;;;;;;;;;;;;
202406775,0;2024-03-15;07:18:00;SEM VÍTIMA;FINALIZADA;PARNAMIRIM;RUA JOAO TUDE DE MELO;;;PRÓXIMO A RUA VIRGÍNIA LORETO;PARNAMIRIM;;SUBURBIO;COLISÃO;0,0;0,0;0,0;0,0;0,0;0,0;0,0;0,0;0,0;0,0;0,0;;;;;;;;;;;;;
202406782,0;2024-03-15;07:59:00;COM VÍTIMA;FINALIZADA;ESTANCIA;RUA MADRESSILVA;49;;AO LADO DO RESTAURANTE BODE DO NÔ;ESTANCIA;;;COLISÃO LATERAL;1,0;1,0;0,0;0,0;0,0;0,0;0,0;0,0;0,0;2,0;0,0;;;;;;;;;;;;;
202406792,0;2024-03-15;09:01:00;COM VÍTIMA;FINALIZADA;BOA VIAGEM;RUA BARAO DE SOUZA LEAO;;;EM FRENTE A PRAÇA E IGREJA DE BOA VIAGEM;BOA VIAGEM;;;COLISÃO LATERAL;0,0;1,0;0,0;0,0;0,0;0,0;0,0;0,0;0,0;1,0;0,0;;;;;;;;;;;;;
202406802,0;2024-03-15;09:38:00;COM VÍTIMA;FINALIZADA;CAMPO GRANDE;RUA ODORICO MENDES;126;;;CAMPO GRANDE;;;COLISÃO;1,0;1,0;0,0;0,0;0,0;0,0;0,0;0,0;0,0;1,0;0,0;;;;;;;;;;;;;
202406805,0;2024-03-15;09:50:00;COM VÍTIMA;DUPLICIDADE;CAMPO GRANDE;RUA ODORICO MENDES;;;APOS O CLUBE DAS PAZ SENTIDO SUBURBIO;CAMPO GRANDE;;;COLISÃO;0,0;1,0;0,0;0,0;0,0;0,0;0,0;0,0;0,0;1,0;0,0;;;;;;;;;;;;;
202406809,0;2024-03-15;10:23:00;COM VÍTIMA;DUPLICIDADE;CAMPO GRANDE;RUA ODORICO MENDES;;;APOS O CLUBE DAS PAS;CAMPO GRANDE;;;COLISÃO LATERAL;0,0;1,0;0,0;0,0;0,0;0,0;0,0;0,0;0,0;1,0;0,0;;;;;;;;;;;;;
202406814,0;2024-03-15;10:58:00;COM VÍTIMA;FINALIZADA;ENCRUZILHADA;AV BEBERIBE;;;;ENCRUZILHADA;;;COLISÃO;1,0;0,0;0,0;0,0;0,0;1,0;0,0;0,0;0,0;1,0;0,0;;;;;;;;;;;;;
202406823,0;2024-03-15;12:21:00;COM VÍTIMA;DUPLICIDADE;MADALENA;RUA JOSE OSORIO;;;EM FRENTE A RM EXPRESS;MADALENA;;;COLISÃO;0,0;1,0;0,0;0,0;0,0;0,0;0,0;0,0;0,0;1,0;0,0;;;;;;;;;;;;;
202406829,0;2024-03-15;12:47:00;COM VÍTIMA;FINALIZADA;MADALENA;RUA JOSE OSORIO;;;AO LADO DO POSTO PETROBRAS;MADALENA;;;COLISÃO LATERAL;1,0;1,0;0,0;0,0;0,0;0,0;0,0;0,0;0,0;1,0;0,0;;;;;;;;;;;;;
202406848,0;2024-03-15;04:17:00;SEM VÍTIMA;FINALIZADA;JARDIM SAO PAULO;AV RECIFE;;RUA NOSSA SENHORA DE FATIMA;EM FRENTE AO POSTO SHEL;JARDIM SAO PAULO;;;COLISÃO;0,0;0,0;0,0;0,0;0,0;0,0;0,0;0,0;0,0;0,0;0,0;;;;;;;;;;;;;
202406859,0;2024-03-15;05:06:00;COM VÍTIMA;FINALIZADA;IPUTINGA;AV CAXANGA;2618;;POSTO DE GASOLINA BR;IPUTINGA;;;COLISÃO LATERAL;1,0;1,0;0,0;0,0;0,0;0,0;0,0;0,0;0,0;1,0;0,0;;;;;;;;;;;;;
202406860,0;2024-03-15;05:12:00;COM VÍTIMA;FINALIZADA;CAXANGA;AV CAXANGA;;;NA FAIXA DO BRT E/F A LOJA RANCHO ALEGRE  S/T  SUB;CAXANGA;;;COLISÃO LATERAL;0,0;2,0;0,0;0,0;0,0;0,0;0,0;0,0;0,0;2,0;0,0;;;;;;;;;;;;;
202406865,0;2024-03-15;06:04:00;COM VÍTIMA;FINALIZADA;JOANA BEZERRA;AV CENTRAL;;;AACD;JOANA BEZERRA;;;COLISÃO LATERAL;0,0;1,0;0,0;0,0;0,0;0,0;0,0;0,0;0,0;1,0;0,0;;;;;;;;;;;;;
202406878,0;2024-03-15;07:15:00;SEM VÍTIMA;CANCELADA;VARZEA;AV AFONSO OLINDENSE;1394;;PROXIMO A FARMÁCIA PAGUE MENOS;VARZEA;;;COLISÃO;0,0;0,0;0,0;0,0;0,0;0,0;0,0;0,0;0,0;0,0;0,0;;;;;;;;;;;;;
202406879,0;2024-03-15;08:13:00;SEM VÍTIMA;CANCELADA;VARZEA;RUA TIGUASSU;52;;PRÓXIMOA O CAMPO DA BREGUE CHIQUE;VARZEA;;;CHOQUE;1,0;1,0;0,0;0,0;0,0;0,0;0,0;0,0;0,0;0,0;0,0;;;;;;;;;;;;;
202406885,0;2024-03-15;10:07:00;SEM VÍTIMA;FINALIZADA;SANTO ANTONIO;RUA DO ROSARIO;;;AO LADO DAS LOJAS CATTAN;SANTO ANTONIO;;CIDADE;CHOQUE;1,0;0,0;0,0;0,0;0,0;0,0;0,0;0,0;0,0;0,0;0,0;;;;;;;;;;;;;
202406886,0;2024-03-15;11:26:00;COM VÍTIMA;FINALIZADA;DOIS UNIDOS;AV HILDEBRANDO DE VASCONCELOS;316A;;PRÓXIMO À PADARIA PAN ESTRELANÇA NA CURVA DE DOIS UNIDOS;DOIS UNIDOS;;;COLISÃO TRANSVERSAL;0,0;1,0;0,0;0,0;0,0;1,0;0,0;0,0;0,0;1,0;0,0;;;;;;;;;;;;;
202406918,0;2024-03-16;07:54:00;COM VÍTIMA;FINALIZADA;BOA VIAGEM;RUA COSMORAMA;805;;AO LADO DO MONTEBELO DISTRIBUIDORA  DE MEDICAMENTOS / PROX AO COLEGIO MADRE DE DEUS / PROX AO ANTIGO CLUBE DAS AGUIAS;BOA VIAGEM;;;COLISÃO;0,0;1,0;0,0;0,0;0,0;0,0;0,0;0,0;0,0;1,0;0,0;;;;;;;;;;;;;
202406923,0;2024-03-16;08:00:00;COM VÍTIMA;FINALIZADA;PINA;AV ANTONIO DE GOES;;;EM FRENTE A PRF;PINA;;;ATROPELAMENTO DE PESSOA;0,0;0,0;0,0;0,0;1,0;1,0;0,0;0,0;0,0;1,0;0,0;;;;;;;;;;;;;
202406929,0;2024-03-16;10:03:00;COM VÍTIMA;CANCELADA;ARRUDA;RUA ZEFERINO AGRA;52;;APÓS O CAMPO DO SANTA CRUZ  / ANTES DO CENTRO DE ÁGUA FRIA;ARRUDA;;;COLISÃO;0,0;1,0;0,0;0,0;0,0;0,0;0,0;0,0;0,0;1,0;0,0;;;;;;;;;;;;;
202406939,0;2024-03-16;12:14:00;SEM VÍTIMA;FINALIZADA;BOA VIAGEM;RUA WALDEMAR NERY CARNEIRO MONTEIRO;;RUA COPACABANA;PROX A PADARIA SETUBAL;BOA VIAGEM;;;COLISÃO FRONTAL;2,0;0,0;0,0;0,0;0,0;0,0;0,0;0,0;0,0;0,0;0,0;;;;;;;;;;;;;
202406956,0;2024-03-16;02:47:00;SEM VÍTIMA;FINALIZADA;AFOGADOS;EST DOS REMEDIOS;;;DEPOIS DO TODO DIA  NA SAIDA DO METRÔ DE AFOGADOS;AFOGADOS;;SUBURBIO;COLISÃO LATERAL;2,0;0,0;0,0;0,0;0,0;0,0;0,0;0,0;0,0;0,0;0,0;;;;;;;;;;;;;
202406967,0;2024-03-16;06:42:00;COM VÍTIMA;FINALIZADA;TORREAO;AV NORTE MIGUEL ARRAES DE ALENCAR;2392;;PROX A FERREIRA MOTO PEÇAS E AUTO PEÇAS GUILHERME;TORREAO;;;COLISÃO;0,0;1,0;0,0;0,0;0,0;0,0;0,0;0,0;0,0;1,0;0,0;;;;;;;;;;;;;
202406976,0;2024-03-16;11:38:00;COM VÍTIMA;FINALIZADA;TORRE;RUA VERMELHA;;RUA JOSE BONIFACIO;ATRÁS DO ATACADO DOS PRESENTES;TORRE;;;COLISÃO;0,0;2,0;0,0;0,0;0,0;0,0;0,0;0,0;0,0;2,0;0,0;;;;;;;;;;;;;
202406977,0;2024-03-17;12:33:00;COM VÍTIMA;FINALIZADA;SANTO AMARO;AV CRUZ CABUGA;;;EM FRENTE A IGREJA UNIVERSAL;SANTO AMARO;;;CHOQUE;1,0;0,0;0,0;0,0;0,0;0,0;0,0;0,0;0,0;1,0;0,0;;;;;;;;;;;;;
202406978,0;2024-03-17;12:50:00;COM VÍTIMA;FINALIZADA;BOA VIAGEM;RUA JOSE MARIA DE MIRANDA;;AV ENGENHEIRO DOMINGOS FERREIRA;EM FRENTE AO BAR DO PAULINHO;BOA VIAGEM;;;COLISÃO TRASEIRA;1,0;1,0;0,0;0,0;0,0;0,0;0,0;0,0;0,0;1,0;0,0;;;;;;;;;;;;;
202406982,0;2024-03-17;05:25:00;COM VÍTIMA;FINALIZADA;VARZEA;AV CAXANGA;;AV JOAQUIM RIBEIRO;EM FRENTE A UPA DA CAXANGÁ;VARZEA;;;COLISÃO;0,0;1,0;0,0;0,0;0,0;1,0;0,0;0,0;0,0;1,0;0,0;;;;;;;;;;;;;
202407008,0;2024-03-17;10:05:00;COM VÍTIMA;FINALIZADA;TORROES;AV ENGENHEIRO ABDIAS DE CARVALHO;;;PROX A UPA DOS TORROES;TORROES;;;COLISÃO;0,0;1,0;0,0;0,0;0,0;0,0;0,0;0,0;0,0;1,0;0,0;;;;;;;;;;;;;
202407020,0;2024-03-17;12:01:00;COM VÍTIMA;FINALIZADA;VARZEA;RUA CONEGO JOSE FERNANDES MACHADO;;;PROX AO POSTO DE SAUDE E AO TERMINAL DA ROSA SELVAGEM;VARZEA;;;COLISÃO;0,0;1,0;0,0;0,0;0,0;0,0;0,0;0,0;0,0;1,0;0,0;;;;;;;;;;;;;
202407021,0;2024-03-17;12:07:00;COM VÍTIMA;FINALIZADA;BOA VIAGEM;AV BOA VIAGEM;2128;;EM FRENTE AO EDIFICIO ILHA BELA SEGUNDO JARDIM;BOA VIAGEM;;;COLISÃO;1,0;1,0;0,0;0,0;0,0;0,0;0,0;0,0;0,0;1,0;0,0;;;;;;;;;;;;;
202407037,0;2024-03-17;04:17:00;COM VÍTIMA;FINALIZADA;VASCO DA GAMA;RUA PIRIZAL;290;;BARRACA DE NEM;VASCO DA GAMA;;;COLISÃO LATERAL;0,0;1,0;0,0;0,0;0,0;0,0;0,0;0,0;0,0;1,0;0,0;;;;;;;;;;;;;
202407038,0;2024-03-17;04:32:00;SEM VÍTIMA;FINALIZADA;BOA VISTA;PTE DUARTE COELHO;;;;BOA VISTA;;;COLISÃO;1,0;0,0;0,0;0,0;0,0;1,0;0,0;0,0;0,0;0,0;0,0;;;;;;;;;;;;;
202407040,0;2024-03-17;04:32:00;COM VÍTIMA;FINALIZADA;IMBIRIBEIRA;RUA ANTONIO FALCAO;438;;EDF MARIA EMILIA;IMBIRIBEIRA;;;COLISÃO LATERAL;0,0;1,0;0,0;0,0;0,0;0,0;0,0;0,0;0,0;1,0;0,0;;;;;;;;;;;;;
202407052,0;2024-03-17;06:11:00;COM VÍTIMA;FINALIZADA;BOA VISTA;RUA GERVASIO PIRES;480;;SHOPPING BOA VISTA;BOA VISTA;;;COLISÃO LATERAL;0,0;1,0;0,0;0,0;0,0;0,0;0,0;0,0;0,0;1,0;0,0;;;;;;;;;;;;;
202407062,0;2024-03-17;10:43:00;SEM VÍTIMA;FINALIZADA;GRACAS;RUA DO CUPIM;37;;CONFRARIA DA BARBA;GRACAS;;CIDADE;CHOQUE;2,0;0,0;0,0;0,0;0,0;0,0;0,0;0,0;0,0;0,0;0,0;;;;;;;;;;;;;
202407071,0;2024-03-18;05:58:00;COM VÍTIMA;FINALIZADA;VARZEA;RUA MARIO CAMPELO;;RUA JOAO FRANCISCO LISBOA;AO LADO RESIDENCIAL MORADA VERDE;VARZEA;;;COLISÃO LATERAL;0,0;2,0;0,0;0,0;0,0;0,0;0,0;0,0;0,0;2,0;0,0;;;;;;;;;;;;;
202407088,0;2024-03-18;07:35:00;COM VÍTIMA;FINALIZADA;SAO JOSE;RUA IMPERIAL;;;NA DESCIDA DA PONTE, NO VIADUTO SENT. AFOGADOS;SAO JOSE;;;COLISÃO LATERAL;0,0;1,0;0,0;0,0;0,0;0,0;0,0;0,0;0,0;1,0;0,0;;;;;;;;;;;;;
202407096,0;2024-03-18;08:44:00;COM VÍTIMA;FINALIZADA;BOA VISTA;AV GOVERNADOR AGAMENON MAGALHAES;;RUA DR LEOPOLDO LINS;EM FRENTE A CAIXA ECONOMICA;BOA VISTA;78,0;;COLISÃO COM CICLISTA;1,0;0,0;0,0;1,0;0,0;0,0;0,0;0,0;0,0;1,0;0,0;;;;;;;;;;;;;
202407101,0;2024-03-18;09:22:00;SEM VÍTIMA;FINALIZADA;SANTO AMARO;AV GOVERNADOR AGAMENON MAGALHAES;;;EM FRENTE TRT ( MINISTÉRIO DO TRABALHO);SANTO AMARO;;;COLISÃO TRASEIRA;0,0;0,0;0,0;0,0;0,0;1,0;0,0;1,0;0,0;0,0;0,0;;;;;;;;;;;;;
202407104,0;2024-03-18;09:44:00;COM VÍTIMA;FINALIZADA;AFOGADOS;RUA SAO MIGUEL;1285;;CENTRAL DO CIMENTO / PROX AO BODE DO NO;AFOGADOS;;;COLISÃO;0,0;1,0;0,0;0,0;0,0;0,0;1,0;0,0;0,0;1,0;0,0;;;;;;;;;;;;;
202407107,0;2024-03-18;10:20:00;COM VÍTIMA;FINALIZADA;TORRE;RUA JOSE BONIFACIO;;;EM FRENTE A ATACADO DOS PRESENTES;TORRE;;;COLISÃO LATERAL;0,0;1,0;0,0;0,0;0,0;0,0;0,0;0,0;0,0;1,0;0,0;;;;;;;;;;;;;
202407113,0;2024-03-18;10:43:00;COM VÍTIMA;FINALIZADA;AREIAS;AV DR JOSE RUFINO;;RUA SAO MIGUEL;PROX A BEZERRA REBOQUER PROX AO POSTO DE GASOLINA IPIRANGA;AREIAS;;;COLISÃO;1,0;1,0;0,0;0,0;0,0;0,0;0,0;0,0;0,0;1,0;0,0;;;;;;;;;;;;;
202407125,0;2024-03-18;12:08:00;COM VÍTIMA;FINALIZADA;AREIAS;RUA SAO MIGUEL;2149;;EM FRENTE A BIZERRA REBOQUE;AREIAS;;;COLISÃO TRASEIRA;1,0;1,0;0,0;0,0;0,0;0,0;0,0;0,0;0,0;1,0;0,0;;;;;;;;;;;;;
202407127,0;2024-03-18;12:39:00;SEM VÍTIMA;FINALIZADA;DERBY;RUA JORNALISTA PAULO BITTENCOURT;;;AO LADO DA RESTAURAÇÃO;DERBY;;;COLISÃO;1,0;1,0;0,0;0,0;0,0;0,0;0,0;0,0;0,0;0,0;0,0;;;;;;;;;;;;;
202407128,0;2024-03-18;12:42:00;COM VÍTIMA;FINALIZADA;TORROES;AV ENGENHEIRO ABDIAS DE CARVALHO;5981;;PROXIMO A BIG CAR/ SENTIDO BR;TORROES;;;COLISÃO;0,0;1,0;0,0;0,0;0,0;0,0;0,0;0,0;0,0;1,0;0,0;;;;;;;;;;;;;
202407131,0;2024-03-18;12:57:00;COM VÍTIMA;FINALIZADA;PINA;AVENIDA CELSO FURTADO (VIA MANGUE);;;PROX AO SHOPPING RIOMAR NA SUBIDA DA VIA MANGUE;PINA;;;COLISÃO LATERAL;1,0;1,0;0,0;0,0;0,0;0,0;0,0;0,0;0,0;1,0;0,0;;;;;;;;;;;;;
202407133,0;2024-03-18;01:43:00;COM VÍTIMA;FINALIZADA;AGUA FRIA;AV BEBERIBE;;;EM FRENTE A HORT FRUT E SELECTA ALIMENTOS;AGUA FRIA;;;COLISÃO;0,0;1,0;0,0;0,0;0,0;0,0;0,0;0,0;0,0;1,0;0,0;;;;;;;;;;;;;
202407135,0;2024-03-18;01:46:00;COM VÍTIMA;FINALIZADA;BOA VIAGEM;RUA JOAO CARDOSO AIRES;;RUA WALDEMAR NERY CARNEIRO MONTEIRO;AO LADO DA PADARIA SEMENTE DO TRIGO;BOA VIAGEM;;;COLISÃO FRONTAL;1,0;1,0;0,0;0,0;0,0;0,0;0,0;0,0;0,0;1,0;0,0;;;;;;;;;;;;;
202407142,0;2024-03-18;03:01:00;COM VÍTIMA;FINALIZADA;SANTO AMARO;AV NORTE MIGUEL ARRAES DE ALENCAR;685;;PROXIMO AO SENAI;SANTO AMARO;;CIDADE;ATROPELAMENTO DE PESSOA;0,0;0,0;0,0;0,0;1,0;0,0;0,0;0,0;0,0;1,0;0,0;;;;;;;;;;;;;
202407155,0;2024-03-18;06:43:00;SEM VÍTIMA;FINALIZADA;ALTO JOSE BONIFACIO;RUA VISCONDE DE SA BANDEIRA;90;;EM FRENTE AO Nº 90;ALTO JOSE BONIFACIO;;;CHOQUE;0,0;0,0;0,0;0,0;0,0;0,0;0,0;1,0;0,0;0,0;0,0;;;;;;;;;;;;;
202407157,0;2024-03-18;06:49:00;COM VÍTIMA;FINALIZADA;IPUTINGA;EST DO BARBALHO;284;;POR TRÁS DO SUPERERCADO MIX MATHEUS;IPUTINGA;;;COLISÃO LATERAL;1,0;1,0;0,0;0,0;0,0;0,0;0,0;0,0;0,0;1,0;0,0;;;;;;;;;;;;;
202407165,0;2024-03-19;02:43:00;COM VÍTIMA;FINALIZADA;DERBY;AV GOVERNADOR AGAMENON MAGALHAES;;PRC PARQUE AMORIM;;DERBY;;;COLISÃO;0,0;1,0;0,0;0,0;1,0;0,0;0,0;0,0;0,0;1,0;0,0;;;;;;;;;;;;;
202407171,0;2024-03-19;06:05:00;COM VÍTIMA;FINALIZADA;MADALENA;RUA GALVAO RAPOSO;;;PROX. A SEGURANÇA ELETRONICA RSAT;MADALENA;;;COLISÃO LATERAL;0,0;1,0;0,0;0,0;0,0;0,0;0,0;0,0;0,0;1,0;0,0;;;;;;;;;;;;;
202407185,0;2024-03-19;07:41:00;SEM VÍTIMA;FINALIZADA;SAO JOSE;AV MARTINS DE BARROS;;;EM FRENTE AO BANCO ITAU / PROX A PONTE MAURICIO DE NASSAU;SAO JOSE;;;COLISÃO LATERAL;0,0;1,0;0,0;0,0;0,0;0,0;0,0;1,0;0,0;0,0;0,0;;;;;;;;;;;;;
202407186,0;2024-03-19;08:07:00;COM VÍTIMA;FINALIZADA;SANTO AMARO;AV GOVERNADOR AGAMENON MAGALHAES;;;PROX. A ANTIGA FABRICA TACARUNA, APOS O CLASSIC HALL;SANTO AMARO;;;COLISÃO LATERAL;0,0;1,0;0,0;0,0;0,0;0,0;0,0;0,0;0,0;1,0;0,0;;;;;;;;;;;;;
202407187,0;2024-03-19;07:44:00;COM VÍTIMA;FINALIZADA;SANTO AMARO;AV CRUZ CABUGA;;;PROX. A IGREJA UNIVERSAL E ASSEMBLEIA DE DEUS;SANTO AMARO;;;COLISÃO LATERAL;0,0;1,0;0,0;0,0;0,0;0,0;0,0;0,0;0,0;1,0;0,0;;;;;;;;;;;;;
202407188,0;2024-03-19;08:17:00;COM VÍTIMA;FINALIZADA;SAO JOSE;AV DANTAS BARRETO;;;NO CRUZAMENTO  DA AV GUARARAPES  COM ESQUINA COM A PRAÇA DO DIARIO;SAO JOSE;;;COLISÃO;0,0;1,0;0,0;0,0;0,0;0,0;0,0;0,0;0,0;1,0;0,0;;;;;;;;;;;;;
202407198,0;2024-03-19;09:36:00;COM VÍTIMA;FINALIZADA;DERBY;AV GOVERNADOR AGAMENON MAGALHAES;;AV RUI BARBOSA;;DERBY;37,0;;COLISÃO;1,0;1,0;0,0;0,0;0,0;0,0;0,0;0,0;0,0;1,0;0,0;;;;;;;;;;;;;
202407204,0;2024-03-19;10:34:00;COM VÍTIMA;FINALIZADA;BOA VIAGEM;AV BOA VIAGEM;;;PROX AO POSTO 07 DE BOMBEIROS /  QUIOSQUE 26;BOA VIAGEM;;;COLISÃO FRONTAL;1,0;0,0;0,0;0,0;1,0;0,0;0,0;0,0;0,0;1,0;0,0;;;;;;;;;;;;;
202407205,0;2024-03-19;10:40:00;SEM VÍTIMA;FINALIZADA;CASA FORTE;RUA VIRGINIA LORETO;;AV DEZESSETE DE AGOSTO;SEMÁFORO 415;CASA FORTE;415,0;CIDADE;COLISÃO LATERAL;2,0;0,0;0,0;0,0;0,0;0,0;0,0;0,0;0,0;0,0;0,0;;;;;;;;;;;;;
202407219,0;2024-03-19;12:27:00;COM VÍTIMA;FINALIZADA;CAXANGA;AV CAXANGA;;;EM FRENTE AO POSTO SHELL E A FIAT ITALIANA DA CAXANGA;CAXANGA;;;COLISÃO;0,0;1,0;0,0;0,0;0,0;0,0;0,0;0,0;0,0;1,0;0,0;;;;;;;;;;;;;
202407221,0;2024-03-19;12:43:00;COM VÍTIMA;FINALIZADA;IMBIRIBEIRA;RUA JOAQUIM BANDEIRA;;;PROX AO IC SEMI NOVOS E ADA LOJA GESSO MACENA;IMBIRIBEIRA;;;COLISÃO LATERAL;1,0;1,0;0,0;0,0;0,0;0,0;0,0;0,0;0,0;1,0;0,0;;;;;;;;;;;;;
202407226,0;2024-03-19;02:12:00;COM VÍTIMA;FINALIZADA;SANTO AMARO;AV GOVERNADOR AGAMENON MAGALHAES;;;NO SEMÁFORO 108 / SENTIDO BOA VIAGEM;SANTO AMARO;;;COLISÃO LATERAL;0,0;2,0;0,0;0,0;0,0;0,0;0,0;0,0;0,0;1,0;0,0;;;;;;;;;;;;;