Protocolo;data;hora;natureza;situacao;bairro;endereco;numero;detalhe_endereco_acidente;complemento;bairro_cruzamento;num_semaforo;sentido_via;tipo;auto;moto;ciclom;ciclista;pedestre;onibus;caminhao;viatura;outros;vitimas;vitimasfatais;acidente_verificado;tempo_clima;situacao_semaforo;sinalizacao;condicao_via;conservacao_via;ponto_controle;situacao_placa;velocidade_max_via;mao_direcao;divisao_via1;divisao_via2;divisao_via3
202407227,0;2024-03-19;02:30:00;COM VÍTIMA;FINALIZADA;TEJIPIO;RUA APRIGIO GUIMARAES;;;PROX AO HOSPITAL OTAVIO DE FREITAS E A PADARIA FABRICA;TEJIPIO;;;COLISÃO LATERAL;0,0;1,0;0,0;0,0;0,0;0,0;0,0;0,0;0,0;1,0;0,0;;;;;;;;;;;;;
202407228,0;2024-03-19;02:42:00;COM VÍTIMA;FINALIZADA;CASA FORTE;RUA DE APIPUCOS;23;;COLÉGIO SILVA JARDIM;CASA FORTE;;;COLISÃO FRONTAL;1,0;1,0;0,0;0,0;0,0;0,0;0,0;0,0;0,0;1,0;0,0;;;;;;;;;;;;;
202407270,0;2024-03-20;07:14:00;COM VÍTIMA;FINALIZADA;SANTO AMARO;AV MARIO MELO;;RUA DA FUNDICAO;PROX AO TRIBUNAL DE CONTAS;SANTO AMARO;;;COLISÃO TRASEIRA;1,0;1,0;0,0;0,0;0,0;0,0;0,0;0,0;0,0;1,0;0,0;;;;;;;;;;;;;
202407272,0;2024-03-20;07:21:00;COM VÍTIMA;DUPLICIDADE;SANTO AMARO;AV MARIO MELO;;;PROX AO TRIBUNAL DE CONTAS;SANTO AMARO;;;COLISÃO TRASEIRA;1,0;1,0;0,0;0,0;0,0;0,0;0,0;0,0;0,0;1,0;0,0;;;;;;;;;;;;;
202407274,0;2024-03-20;07:30:00;COM VÍTIMA;FINALIZADA;CAMPO GRANDE;RUA VISCONDE DE CAIRU;58;;AO LADO DE UNIDADE ACOLHIMENTO JANDIRA MANSUR;CAMPO GRANDE;;;COLISÃO;1,0;1,0;0,0;0,0;0,0;0,0;0,0;0,0;0,0;1,0;0,0;;;;;;;;;;;;;
202407276,0;2024-03-20;07:49:00;COM VÍTIMA;FINALIZADA;SANTO AMARO;AV DR JAYME DA FONTE;295;;PROX A COMPESa. APOS O CAMPO DO 11;SANTO AMARO;;;COLISÃO LATERAL;1,0;1,0;0,0;0,0;0,0;0,0;0,0;0,0;0,0;1,0;0,0;;;;;;;;;;;;;
202407277,0;2024-03-20;07:54:00;COM VÍTIMA;FINALIZADA;BEBERIBE;AV BEBERIBE;40;;REI DO ARRUMADINHO;BEBERIBE;;;ATROPELAMENTO DE PESSOA;0,0;1,0;0,0;0,0;2,0;0,0;0,0;0,0;0,0;4,0;0,0;;;;;;;;;;;;;
202407279,0;2024-03-20;08:14:00;SEM VÍTIMA;FINALIZADA;IMBIRIBEIRA;RUA JULIO VERNE;60;;EM FRENTE AO SINDICATO DOS TAXISTA;IMBIRIBEIRA;;CIDADE;COLISÃO;2,0;0,0;0,0;0,0;0,0;0,0;0,0;0,0;0,0;0,0;0,0;;;;;;;;;;;;;
202407282,0;2024-03-20;08:28:00;COM VÍTIMA;FINALIZADA;IMBIRIBEIRA;PRC MINISTRO SALGADO FILHO;;;AO LADO DO AEROPORTO;IMBIRIBEIRA;;;COLISÃO LATERAL;0,0;1,0;0,0;0,0;0,0;0,0;0,0;1,0;0,0;1,0;0,0;;;;;;;;;;;;;
202407285,0;2024-03-20;08:40:00;COM VÍTIMA;DUPLICIDADE;IMBIRIBEIRA;AV MARECHAL MASCARENHAS DE MORAES;;;NA PRAÇA MINISTRO SALGADO FILHO / EM FRENTE AO AEROPORTO DO RECIFE / SENTIDO PRAZERES;IMBIRIBEIRA;;SUBURBIO;COLISÃO;0,0;1,0;0,0;0,0;0,0;0,0;0,0;0,0;0,0;1,0;0,0;;;;;;;;;;;;;
202407287,0;2024-03-20;08:47:00;COM VÍTIMA;FINALIZADA;IPUTINGA;AV CAXANGA;;;EM FRENTE AO BANCO ITAU / APOS ESTAÇÃO BRT CAIARA;IPUTINGA;;CIDADE;COLISÃO COM CICLISTA;0,0;0,0;0,0;1,0;0,0;1,0;0,0;0,0;0,0;1,0;0,0;;;;;;;;;;;;;
202407290,0;2024-03-20;09:07:00;COM VÍTIMA;FINALIZADA;ESPINHEIRO;RUA DA HORA;;;PROX. AO HOSPITAL DOS SERVIDORES;ESPINHEIRO;;;COLISÃO LATERAL;0,0;1,0;0,0;0,0;0,0;0,0;0,0;0,0;0,0;1,0;0,0;;;;;;;;;;;;;
202407300,0;2024-03-20;10:07:00;COM VÍTIMA;FINALIZADA;BOA VIAGEM;RUA DEZ DE JULHO;;RUA BARONESA DE PALMARES;AO LADO DA OFICINA MECANICA AUTO CAR;BOA VIAGEM;;;COLISÃO FRONTAL;2,0;1,0;0,0;0,0;0,0;0,0;0,0;0,0;0,0;2,0;0,0;;;;;;;;;;;;;
202407330,0;2024-03-20;01:21:00;COM VÍTIMA;FINALIZADA;SAO JOSE;RUA VELHA;;;AO LADO DA CASA DA CULTURA;SAO JOSE;;;COLISÃO COM CICLISTA;0,0;1,0;0,0;1,0;0,0;0,0;0,0;0,0;0,0;1,0;0,0;;;;;;;;;;;;;
202407343,0;2024-03-20;03:32:00;COM VÍTIMA;CANCELADA;IMBIRIBEIRA;AV ANTONIO TORRES GALVAO;332;;PROXIMO A CONCESSIONÁRIA BREMEN;IMBIRIBEIRA;;;COLISÃO FRONTAL;0,0;1,0;0,0;0,0;0,0;0,0;0,0;0,0;0,0;1,0;0,0;;;;;;;;;;;;;
202407344,0;2024-03-20;03:41:00;COM VÍTIMA;DUPLICIDADE;BOA VIAGEM;AV GENERAL MAC ARTHUR;;;E/F A BREMEN  CONCESSIONARIA;BOA VIAGEM;;;COLISÃO FRONTAL;1,0;1,0;0,0;0,0;0,0;0,0;0,0;0,0;0,0;1,0;0,0;;;;;;;;;;;;;
202407345,0;2024-03-20;03:52:00;COM VÍTIMA;FINALIZADA;SANTO AMARO;AV PREFEITO ARTUR LIMA CAVALCANTI;;;POR TRAS DO COLEGIO SOARES DUTRA;SANTO AMARO;;;ATROPELAMENTO DE PESSOA;0,0;1,0;0,0;0,0;1,0;0,0;0,0;0,0;0,0;1,0;0,0;;;;;;;;;;;;;
202407347,0;2024-03-20;04:08:00;COM VÍTIMA;FINALIZADA;GRACAS;RUA AMELIA;664;;NA PONTE DA BEIRA RIO PROX AO POSTO SHEL;GRACAS;;;COLISÃO LATERAL;0,0;1,0;0,0;0,0;0,0;0,0;0,0;0,0;0,0;1,0;0,0;;;;;;;;;;;;;
202407349,0;2024-03-20;04:22:00;COM VÍTIMA;FINALIZADA;TORRE;RUA CONDE DE IRAJA;;;SEMÁFORO 630;TORRE;;;COLISÃO LATERAL;1,0;1,0;0,0;0,0;0,0;0,0;0,0;0,0;0,0;1,0;0,0;;;;;;;;;;;;;
202407351,0;2024-03-20;04:35:00;COM VÍTIMA;DUPLICIDADE;TORRE;RUA JOSE BONIFACIO;;;E/F AO CARREFOUR;TORRE;;;COLISÃO LATERAL;1,0;1,0;0,0;0,0;0,0;1,0;0,0;0,0;0,0;1,0;0,0;;;;;;;;;;;;;
202407356,0;2024-03-20;04:52:00;COM VÍTIMA;CANCELADA;BREJO DE BEBERIBE;AV VEREADOR OTACILIO AZEVEDO;925;;E/F  AO COLEGIO ROTAY;BREJO DE BEBERIBE;;;COLISÃO LATERAL;0,0;1,0;0,0;0,0;0,0;0,0;0,0;0,0;0,0;1,0;0,0;;;;;;;;;;;;;
202407357,0;2024-03-20;04:56:00;COM VÍTIMA;FINALIZADA;IBURA;AV DOIS RIOS;740;;E/F AO POSTO SHEL E  IGREJA ELSHADAY;IBURA;;;COLISÃO LATERAL;0,0;1,0;0,0;0,0;0,0;0,0;0,0;0,0;0,0;1,0;0,0;;;;;;;;;;;;;
202407358,0;2024-03-20;04:59:00;COM VÍTIMA;FINALIZADA;BOA VISTA;RUA DA AURORA;2904;;E?F AO GINASIO PERNAMBUCANO;BOA VISTA;;;COLISÃO LATERAL;0,0;0,0;0,0;0,0;0,0;0,0;0,0;0,0;0,0;1,0;0,0;;;;;;;;;;;;;
202407360,0;2024-03-20;05:26:00;SEM VÍTIMA;FINALIZADA;GRACAS;AV RUI BARBOSA;1087;;EM FRENTE AO COLÉGIO MARISTA;GRACAS;305,0;CIDADE;COLISÃO LATERAL;1,0;0,0;0,0;0,0;0,0;0,0;0,0;1,0;0,0;0,0;0,0;;;;;;;;;;;;;
202407363,0;2024-03-20;06:31:00;COM VÍTIMA;FINALIZADA;JOANA BEZERRA;AV BEIRA RIO;;;ANTES DA PONTE / FORUM JOANA BEZERRA / POR BAIXO DO VIADUTO;JOANA BEZERRA;;;COLISÃO TRASEIRA;1,0;1,0;0,0;0,0;0,0;0,0;0,0;0,0;0,0;1,0;0,0;;;;;;;;;;;;;
202407367,0;2024-03-20;07:29:00;COM VÍTIMA;FINALIZADA;CASA AMARELA;AV NORTE MIGUEL ARRAES DE ALENCAR;7070;;EM FRENTE AO DESKONTÃO;CASA AMARELA;;;COLISÃO;0,0;0,0;0,0;1,0;0,0;1,0;0,0;0,0;0,0;1,0;0,0;;;;;;;;;;;;;
202407387,0;2024-03-21;07:40:00;COM VÍTIMA;FINALIZADA;CAXANGA;AV CAXANGA;924;;PROX A MSK;CAXANGA;;;ATROPELAMENTO DE PESSOA;1,0;0,0;0,0;0,0;1,0;0,0;0,0;0,0;0,0;1,0;0,0;;;;;;;;;;;;;
202407390,0;2024-03-21;07:59:00;COM VÍTIMA;FINALIZADA;MACAXEIRA;RUA DOLORES SALGADO;;;CRUZAMENTO COM AV NORTE AO LADO DO PARQUE DA MACAXEIRA SENTIDO APIPUCOS;MACAXEIRA;;;COLISÃO;0,0;1,0;0,0;0,0;0,0;0,0;0,0;0,0;0,0;1,0;0,0;;;;;;;;;;;;;
202407391,0;2024-03-21;08:00:00;COM VÍTIMA;FINALIZADA;IMBIRIBEIRA;AV MARECHAL MASCARENHAS DE MORAES;;;EM FRENTE A MARTELINHO DE OURO EO MIURO DO AEROPORTO;IMBIRIBEIRA;;;COLISÃO;0,0;1,0;0,0;0,0;0,0;0,0;0,0;0,0;0,0;1,0;0,0;;;;;;;;;;;;;
202407426,0;2024-03-21;12:02:00;COM VÍTIMA;CANCELADA;NOVA DESCOBERTA;RUA NOVA DESCOBERTA;1594;;EM FRENTE A PAULO BEBIDAS  E ULTRAGAS DEPOSITO;NOVA DESCOBERTA;;;COLISÃO TRASEIRA;0,0;2,0;0,0;0,0;0,0;0,0;0,0;0,0;0,0;1,0;0,0;;;;;;;;;;;;;
202407427,0;2024-03-21;12:21:00;COM VÍTIMA;FINALIZADA;AFLITOS;RUA QUARENTA E OITO;;;EM FRENTE AU NUMERO 462 / EDF PRIMAVERA , PRÓX A FARMACIA PAGUE MENOS;AFLITOS;;;COLISÃO;0,0;1,0;0,0;0,0;0,0;0,0;0,0;0,0;0,0;1,0;0,0;;;;;;;;;;;;;
202407449,0;2024-03-21;05:14:00;SEM VÍTIMA;FINALIZADA;BOA VIAGEM;RUA RIBEIRO DE BRITO;697;;APÓS AV. VISC. DE JEQUITINHONHA;BOA VIAGEM;;;COLISÃO;0,0;0,0;0,0;0,0;0,0;0,0;0,0;0,0;0,0;0,0;0,0;;;;;;;;;;;;;
202407468,0;2024-03-21;09:52:00;COM VÍTIMA;FINALIZADA;AGUA FRIA;AV BEBERIBE;2151;;E/F DROGASIL - SENTIDO CASA AMARELA;AGUA FRIA;;CIDADE;CHOQUE;1,0;0,0;0,0;1,0;0,0;0,0;0,0;0,0;0,0;1,0;0,0;;;;;;;;;;;;;
202407469,0;2024-03-21;10:22:00;COM VÍTIMA;CANCELADA;IPUTINGA;RUA PEREIRA COUTINHO FILHO;;AV MAURICIO DE NASSAU;E/F AO RESTAURANTE TEMPERO DO CARLOS;IPUTINGA;;;COLISÃO TRASEIRA;0,0;2,0;0,0;0,0;0,0;0,0;0,0;0,0;0,0;1,0;0,0;;;;;;;;;;;;;
202407484,0;2024-03-22;06:49:00;COM VÍTIMA;FINALIZADA;IMBIRIBEIRA;AV MARECHAL MASCARENHAS DE MORAES;;;EM FRENTE A FERREIRA COSTA, SENT. BOA VIAGEM;IMBIRIBEIRA;386,0;;COLISÃO LATERAL;0,0;2,0;0,0;0,0;0,0;0,0;0,0;0,0;0,0;3,0;0,0;;;;;;;;;;;;;
202407486,0;2024-03-22;07:08:00;COM VÍTIMA;FINALIZADA;AGUA FRIA;RUA ZEFERINO AGRA;;;PROX A DELEGACIA, EM FRENTE AO COLEGIO ALFREDO FREIRE;AGUA FRIA;431,0;;COLISÃO;1,0;1,0;0,0;0,0;0,0;0,0;0,0;0,0;0,0;1,0;0,0;;;;;;;;;;;;;
202407490,0;2024-03-22;07:44:00;COM VÍTIMA;FINALIZADA;BAIRRO DO RECIFE;PRC DO ARSENAL DE MARINHA;;;PROX A SECRETARIA DOS DIREITOS HUMANOS;BAIRRO DO RECIFE;;;COLISÃO;0,0;1,0;0,0;0,0;0,0;0,0;0,0;0,0;0,0;1,0;0,0;;;;;;;;;;;;;
202407496,0;2024-03-22;08:28:00;SEM VÍTIMA;FINALIZADA;ESPINHEIRO;AV GOVERNADOR AGAMENON MAGALHAES;;;EM FRENTE AO MEDICAL;ESPINHEIRO;;CIDADE;COLISÃO;1,0;0,0;0,0;0,0;0,0;0,0;1,0;0,0;0,0;0,0;0,0;;;;;;;;;;;;;
202407499,0;2024-03-22;08:53:00;SEM VÍTIMA;FINALIZADA;ESPINHEIRO;AV GOVERNADOR AGAMENON MAGALHAES;;;LADO OPOSTO A UNIMED RECIFE;ESPINHEIRO;;CIDADE;COLISÃO FRONTAL;3,0;0,0;0,0;0,0;0,0;0,0;0,0;0,0;0,0;0,0;0,0;;;;;;;;;;;;;
202407500,0;2024-03-22;08:58:00;COM VÍTIMA;FINALIZADA;IPUTINGA;RUA CORONEL FERNANDO FURTADO;262;;PRÓX AO TERMINAL DA TORRE /  PRÓX AO CLUBE  DA GREMLURB;IPUTINGA;;;COLISÃO;0,0;1,0;0,0;0,0;0,0;0,0;0,0;0,0;0,0;1,0;0,0;;;;;;;;;;;;;
202407511,0;2024-03-22;10:38:00;COM VÍTIMA;FINALIZADA;VARZEA;RUA GASTAO VIDIGAL;;;PROX. A UPA DA CAXANGA E MOTEL NINJA;VARZEA;;;COLISÃO LATERAL;0,0;1,0;0,0;0,0;0,0;0,0;0,0;0,0;0,0;1,0;0,0;;;;;;;;;;;;;
202407515,0;2024-03-22;10:55:00;SEM VÍTIMA;FINALIZADA;ESPINHEIRO;RUA CONS PORTELA;656;;LADO OPOSTO A GALERIA CONSELHEIRO PORTELA;ESPINHEIRO;;CIDADE;COLISÃO TRASEIRA;1,0;0,0;0,0;0,0;0,0;1,0;0,0;0,0;0,0;0,0;0,0;;;;;;;;;;;;;
202407516,0;2024-03-22;11:02:00;COM VÍTIMA;FINALIZADA;JORDAO;AV DONA ALICE MONTENEGRO LESSA;20;RUA BAHIA;PERTO DO POSTO DE SAUDE;JORDAO;;;COLISÃO FRONTAL;1,0;1,0;0,0;0,0;0,0;0,0;0,0;0,0;0,0;1,0;0,0;;;;;;;;;;;;;
202407517,0;2024-03-22;11:58:00;COM VÍTIMA;FINALIZADA;JIQUIA;AV JOAO CABRAL DE MELO NETO;384;;ARMAZEM MARANATA;JIQUIA;;;COLISÃO COM CICLISTA;0,0;0,0;0,0;2,0;0,0;0,0;0,0;0,0;0,0;2,0;0,0;;;;;;;;;;;;;
202407523,0;2024-03-22;11:58:00;COM VÍTIMA;DUPLICIDADE;JORDAO;AV DONA ALICE MONTENEGRO LESSA;;RUA BAHIA;JORDAO BAIXO, PROX. AO CENTRO SOCIAL URBANO;JORDAO;;;COLISÃO LATERAL;0,0;1,0;0,0;0,0;0,0;0,0;0,0;0,0;0,0;1,0;0,0;;;;;;;;;;;;;
202407525,0;2024-03-22;12:16:00;COM VÍTIMA;FINALIZADA;BOA VIAGEM;RUA GENERAL AMERICANO FREIRE;;;EM FRENTE AO CONJUNTO RESIDENCIAL VILLA MACUTI;BOA VIAGEM;;;COLISÃO LATERAL;1,0;1,0;0,0;0,0;0,0;0,0;0,0;0,0;0,0;1,0;0,0;;;;;;;;;;;;;
202407527,0;2024-03-22;12:28:00;COM VÍTIMA;DUPLICIDADE;BOA VIAGEM;RUA DES JOAO PAES;;;APOS A FERREIRA PINTO;BOA VIAGEM;;;COLISÃO;0,0;1,0;0,0;0,0;0,0;0,0;0,0;0,0;0,0;1,0;0,0;;;;;;;;;;;;;
202407528,0;2024-03-22;12:29:00;COM VÍTIMA;FINALIZADA;DOIS UNIDOS;RUA CORONEL PILAR;165;;APÓS O ANTIGO FORRÓ DO ARLINDO;DOIS UNIDOS;;;COLISÃO;0,0;1,0;0,0;0,0;0,0;0,0;0,0;0,0;0,0;1,0;0,0;;;;;;;;;;;;;
202407529,0;2024-03-22;12:41:00;SEM VÍTIMA;FINALIZADA;BOA VIAGEM;AV BOA VIAGEM;;;EM FRENTE AO VILA H. C. VELOSO;BOA VIAGEM;;;COLISÃO LATERAL;0,0;1,0;0,0;0,0;0,0;1,0;0,0;0,0;0,0;0,0;0,0;;;;;;;;;;;;;
202407533,0;2024-03-22;02:09:00;COM VÍTIMA;FINALIZADA;BOA VIAGEM;AV CONSELHEIRO AGUIAR;1205;;PROX A IGREJINHA DO MENINO JESUS  E A LOJA CASA DESIGNER;BOA VIAGEM;;;COLISÃO LATERAL;0,0;0,0;0,0;0,0;0,0;0,0;0,0;0,0;0,0;1,0;0,0;;;;;;;;;;;;;
202407534,0;2024-03-22;02:26:00;COM VÍTIMA;FINALIZADA;IPUTINGA;RUA GASPAR PEREZ;935;RUA BORGES DA FONSECA;E/F A GALERIA  CIDADE UNIVERSITARIA;IPUTINGA;;;COLISÃO FRONTAL;1,0;1,0;0,0;0,0;0,0;0,0;0,0;0,0;0,0;1,0;0,0;;;;;;;;;;;;;
202407538,0;2024-03-22;02:56:00;COM VÍTIMA;FINALIZADA;CAXANGA;AV PROFESSOR JOAQUIM CAVALCANTI;222;;PROX AO MOTEL APCE;CAXANGA;;;COLISÃO LATERAL;0,0;0,0;0,0;0,0;0,0;0,0;0,0;0,0;0,0;1,0;0,0;;;;;;;;;;;;;
202407545,0;2024-03-22;04:31:00;COM VÍTIMA;FINALIZADA;BOA VISTA;RUA DR JOSE MARIANO;667;;E/F A FERREIRA PINTO   POR TRAS DO ANTIDO ESTACIONAMENTO DO ATACADO DOS PRESENTES;BOA VISTA;;;COLISÃO LATERAL;0,0;0,0;0,0;0,0;0,0;0,0;0,0;0,0;0,0;1,0;0,0;;;;;;;;;;;;;
202407546,0;2024-03-22;04:36:00;COM VÍTIMA;FINALIZADA;IBURA;RUA RIO XINGU;1028;;E/F AO REFORÇO ESCOLA CANTINHO DO SABER;IBURA;;;COLISÃO LATERAL;0,0;0,0;0,0;0,0;0,0;0,0;0,0;0,0;0,0;1,0;0,0;;;;;;;;;;;;;
202407557,0;2024-03-22;05:52:00;COM VÍTIMA;FINALIZADA;AREIAS;RUA SOLIMOES;281;;PADARIA SOLIMÕES;AREIAS;;;COLISÃO FRONTAL;1,0;1,0;0,0;0,0;0,0;0,0;0,0;0,0;0,0;1,0;0,0;;;;;;;;;;;;;
202407558,0;2024-03-22;05:58:00;COM VÍTIMA;FINALIZADA;IMBIRIBEIRA;AV MARECHAL MASCARENHAS DE MORAES;;;PROX AO JUIZADO DE PEQUENAS CAUSAS;IMBIRIBEIRA;;;COLISÃO LATERAL;0,0;0,0;0,0;0,0;0,0;0,0;0,0;0,0;0,0;1,0;0,0;;;;;;;;;;;;;
202407578,0;2024-03-23;07:24:00;COM VÍTIMA;FINALIZADA;IPSEP;RUA JEAN EMILE FAVRE;;;EM FRENTE A ACADEMIA SELFIT;IPSEP;;;COLISÃO;0,0;1,0;0,0;0,0;0,0;0,0;0,0;0,0;0,0;1,0;0,0;;;;;;;;;;;;;
202407581,0;2024-03-23;07:54:00;COM VÍTIMA;FINALIZADA;ILHA DO RETIRO;RUA SPORT CLUBE DO RECIFE;;;EM FRENTE AO CLUBE DO SPORT;ILHA DO RETIRO;;;COLISÃO;0,0;1,0;0,0;0,0;0,0;0,0;0,0;0,0;0,0;1,0;0,0;;;;;;;;;;;;;
202407582,0;2024-03-23;07:54:00;COM VÍTIMA;FINALIZADA;JARDIM SAO PAULO;AV RECIFE;;;PROX AO VIADUTO DA 232 / NA ENTRADA DA AV RECIFE SENTIDO AEROPORTO;JARDIM SAO PAULO;;;COLISÃO;0,0;0,0;0,0;0,0;0,0;1,0;1,0;0,0;0,0;1,0;0,0;;;;;;;;;;;;;
202407587,0;2024-03-23;09:42:00;COM VÍTIMA;FINALIZADA;IBURA;AV DOM HELDER CAMARA;;;NA ENTRADA DO IBURA PROX AO ARMAZEM CORAL;IBURA;;;COLISÃO;0,0;1,0;0,0;0,0;0,0;0,0;0,0;0,0;0,0;1,0;0,0;;;;;;;;;;;;;
202407589,0;2024-03-23;10:33:00;COM VÍTIMA;FINALIZADA;BOA VIAGEM;AV ENGENHEIRO DOMINGOS FERREIRA;;;EM FRENTE AO MINI CALL CENTER E O EMPRESARIAL DOMINGOS FERREIRA;BOA VIAGEM;;;COLISÃO;0,0;1,0;0,0;0,0;0,0;0,0;0,0;0,0;0,0;1,0;0,0;;;;;;;;;;;;;
202407601,0;2024-03-23;01:08:00;COM VÍTIMA;FINALIZADA;MANGABEIRA;AV PROFESSOR JOSE DOS ANJOS;2292;;PROXIMO AO REI DO JABA;MANGABEIRA;;;COLISÃO;0,0;1,0;0,0;0,0;0,0;0,0;0,0;0,0;0,0;1,0;0,0;;;;;;;;;;;;;
202407604,0;2024-03-23;02:49:00;COM VÍTIMA;FINALIZADA;COHAB;RUA EXP FRANCISCO VITORIANO;1209;;EM FRENTE AO ARMAZEM COMERCIAL JUPTER;COHAB;;;COLISÃO;0,0;1,0;0,0;0,0;0,0;0,0;0,0;0,0;0,0;1,0;0,0;;;;;;;;;;;;;
202407605,0;2024-03-23;02:59:00;SEM VÍTIMA;FINALIZADA;SANTO AMARO;RUA ANCHIETA;310;;AO LADO DO N 310;SANTO AMARO;;;CHOQUE;0,0;0,0;0,0;0,0;0,0;0,0;0,0;1,0;0,0;0,0;0,0;;;;;;;;;;;;;
202407606,0;2024-03-23;03:32:00;COM VÍTIMA;FINALIZADA;TORRE;RUA JOSE BONIFACIO;2754;;PROXIMO AO ATACADO DOS PRESENTES;TORRE;;;COLISÃO;1,0;0,0;0,0;0,0;0,0;0,0;0,0;0,0;0,0;1,0;0,0;;;;;;;;;;;;;
202407611,0;2024-03-23;05:46:00;SEM VÍTIMA;FINALIZADA;AFOGADOS;RUA SAO MIGUEL;;;EM FRENTE AO POSTO JOÃO DIAS E PROXIMO AO BODE DO NÔ;AFOGADOS;;;COLISÃO TRASEIRA;3,0;0,0;0,0;0,0;0,0;0,0;0,0;0,0;0,0;0,0;0,0;;;;;;;;;;;;;
202407612,0;2024-03-23;05:49:00;COM VÍTIMA;CANCELADA;GRACAS;RUA ROSARIO D'OESTE;342;;PROXIMO A MERCEARIA DONA GRAÇA E AO TERMINAL DO JORDÃO;GRACAS;;;COLISÃO;0,0;1,0;0,0;0,0;0,0;0,0;0,0;0,0;0,0;1,0;0,0;;;;;;;;;;;;;
202407628,0;2024-03-23;11:14:00;SEM VÍTIMA;FINALIZADA;CASA FORTE;AV DEZESSETE DE AGOSTO;;;E/F À LOJA CAOA CHERRY -APÓS O SHOPPING PLAZA  - SENTIDO SUBURBIO;CASA FORTE;;;ENGAVETAMENTO;3,0;0,0;0,0;0,0;0,0;0,0;0,0;0,0;0,0;0,0;0,0;;;;;;;;;;;;;
202407629,0;2024-03-24;12:22:00;COM VÍTIMA;FINALIZADA;SAN MARTIN;AV ENGENHEIRO ABDIAS DE CARVALHO;;;E/F À BFCAR -SENTIDO CIDADE;SAN MARTIN;;;CAPOTAMENTO;1,0;0,0;0,0;0,0;0,0;0,0;0,0;0,0;0,0;1,0;0,0;;;;;;;;;;;;;
202407650,0;2024-03-24;08:20:00;COM VÍTIMA;FINALIZADA;SANTO AMARO;AV CRUZ CABUGA;;;EM FRENTE A IGREJA UNIVERSAL;SANTO AMARO;;;COLISÃO LATERAL;0,0;1,0;0,0;0,0;0,0;0,0;0,0;0,0;0,0;1,0;0,0;;;;;;;;;;;;;
202407669,0;2024-03-24;03:23:00;COM VÍTIMA;FINALIZADA;JARDIM SAO PAULO;RUA LEANDRO BARRETO;;;SOBRE O VIADUTO DE JARDIM SAO PAULO E/F A PIZZARIA DOS GEMES;JARDIM SAO PAULO;;;COLISÃO LATERAL;0,0;1,0;0,0;0,0;0,0;0,0;0,0;0,0;0,0;1,0;0,0;;;;;;;;;;;;;
202407672,0;2024-03-24;06:21:00;COM VÍTIMA;FINALIZADA;IMBIRIBEIRA;AV RECIFE;3024;;EM FRENTE AO ARALTO BILL;IMBIRIBEIRA;;;COLISÃO TRASEIRA;1,0;1,0;0,0;0,0;0,0;0,0;0,0;0,0;0,0;1,0;0,0;;;;;;;;;;;;;
202407674,0;2024-03-24;10:43:00;SEM VÍTIMA;FINALIZADA;BOA VIAGEM;AV ENGENHEIRO DOMINGOS FERREIRA;2600;;AO DA FARMÁCIA INDEPENDENTE;BOA VIAGEM;;;COLISÃO;2,0;0,0;0,0;0,0;0,0;0,0;0,0;0,0;0,0;0,0;0,0;;;;;;;;;;;;;
202407677,0;2024-03-25;06:37:00;COM VÍTIMA;FINALIZADA;MACAXEIRA;AV NORTE MIGUEL ARRAES DE ALENCAR;;RUA CORONEL JOAO BATISTA DO REGO BARROS;APOS A  FABRICA DA MACAXEIRA, NO SEMAFORO 671;MACAXEIRA;671,0;;COLISÃO TRASEIRA;2,0;0,0;0,0;0,0;0,0;0,0;0,0;0,0;0,0;1,0;0,0;;;;;;;;;;;;;
202407691,0;2024-03-25;08:00:00;COM VÍTIMA;FINALIZADA;PINA;RUA NOGUEIRA DE SOUZA;;AV REPUBLICA DO LIBANO;PROX. AO CALDINHO DO NENEM;PINA;;;COLISÃO LATERAL;1,0;1,0;0,0;0,0;0,0;0,0;0,0;0,0;0,0;1,0;0,0;;;;;;;;;;;;;
202407693,0;2024-03-25;08:19:00;COM VÍTIMA;FINALIZADA;SAO JOSE;AV SUL;;;POR TRAS DA IGREJA DE SAO JOSE;SAO JOSE;;;COLISÃO LATERAL;0,0;1,0;0,0;0,0;0,0;0,0;0,0;0,0;0,0;1,0;0,0;;;;;;;;;;;;;
202407694,0;2024-03-25;08:21:00;COM VÍTIMA;FINALIZADA;BOA VIAGEM;AV VINTE DE JANEIRO;;AV LINO JORDAO;NA FRENTE DO SANDER SUL  E PROX AO COLEGIO DOURADO;BOA VIAGEM;;;COLISÃO LATERAL;1,0;1,0;0,0;0,0;0,0;0,0;0,0;0,0;0,0;1,0;0,0;;;;;;;;;;;;;