Protocolo;data;hora;natureza;situacao;bairro;endereco;numero;detalhe_endereco_acidente;complemento;bairro_cruzamento;num_semaforo;sentido_via;tipo;auto;moto;ciclom;ciclista;pedestre;onibus;caminhao;viatura;outros;vitimas;vitimasfatais;acidente_verificado;tempo_clima;situacao_semaforo;sinalizacao;condicao_via;conservacao_via;ponto_controle;situacao_placa;velocidade_max_via;mao_direcao;divisao_via1;divisao_via2;divisao_via3
202409339,0;2024-04-12;10:03:00;SEM VÍTIMA;FINALIZADA;BOA VIAGEM;AVENIDA CELSO FURTADO (VIA MANGUE);;;APOS O SUPERMERCADO ASSAÍ;BOA VIAGEM;;;COLISÃO TRASEIRA;1,0;1,0;0,0;0,0;0,0;0,0;0,0;0,0;0,0;0,0;0,0;;;;;;;;;;;;;
202409382,0;2024-04-13;10:09:00;SEM VÍTIMA;FINALIZADA;BRASILIA TEIMOSA;AV BRASILIA FORMOSA;40;;EM FRENTE AO CALDINHO DO CHINA;BRASILIA TEIMOSA;;;COLISÃO LATERAL;1,0;0,0;0,0;0,0;0,0;0,0;0,0;1,0;0,0;0,0;0,0;;;;;;;;;;;;;
202409384,0;2024-04-13;10:43:00;COM VÍTIMA;FINALIZADA;AREIAS;RUA IPOJUCA;397;;PROX A PRAÇA DO HERÓI;AREIAS;;;COLISÃO;0,0;1,0;0,0;0,0;0,0;0,0;0,0;0,0;0,0;1,0;0,0;;;;;;;;;;;;;
202409387,0;2024-04-13;10:51:00;COM VÍTIMA;FINALIZADA;PAISSANDU;AV GOVERNADOR AGAMENON MAGALHAES;;;APOS O HOSPITAL PORTUGUES, SENT. BOA VIAGEM;PAISSANDU;;;COLISÃO LATERAL;1,0;1,0;0,0;0,0;0,0;0,0;0,0;0,0;0,0;1,0;0,0;;;;;;;;;;;;;
202409395,0;2024-04-13;12:03:00;COM VÍTIMA;FINALIZADA;CAMPO GRANDE;RUA ODORICO MENDES;;;EM FRENTE A ACADEMIA GRAU FITNESS;CAMPO GRANDE;;;COLISÃO TRASEIRA;1,0;1,0;0,0;0,0;0,0;0,0;0,0;0,0;0,0;1,0;0,0;;;;;;;;;;;;;
202409401,0;2024-04-13;03:01:00;COM VÍTIMA;FINALIZADA;TORRE;RUA JOSE BONIFACIO;4671;;PACIENTE ESTA DENTRO DO CARREFOUR DA TORRE NO ESTACIONADO NA PARTE DE BAIXO;TORRE;;;COLISÃO;1,0;1,0;0,0;0,0;0,0;0,0;0,0;0,0;0,0;1,0;0,0;;;;;;;;;;;;;
202409402,0;2024-04-13;03:03:00;COM VÍTIMA;FINALIZADA;IPUTINGA;RUA GASPAR PEREZ;;;RUA DO ANTIGO ESCRITORIO DO BOMPREÇO;IPUTINGA;;;COLISÃO;0,0;0,0;0,0;0,0;1,0;0,0;1,0;0,0;0,0;1,0;0,0;;;;;;;;;;;;;
202409413,0;2024-04-13;06:31:00;COM VÍTIMA;FINALIZADA;TORRE;RUA CONDE DE IRAJA;;RUA PIO IX;DE ESQUINA COM APADARIA DO IRAJA;TORRE;;;COLISÃO FRONTAL;0,0;2,0;0,0;0,0;0,0;0,0;0,0;0,0;0,0;2,0;0,0;;;;;;;;;;;;;
202409417,0;2024-04-13;07:52:00;COM VÍTIMA;FINALIZADA;IMBIRIBEIRA;AV MARECHAL MASCARENHAS DE MORAES;;;EM FRENTE A GRILLO , NA ENTRADA DA ESTAÇÃO DA IMBIRIBEIRA;IMBIRIBEIRA;;;COLISÃO;0,0;2,0;0,0;0,0;0,0;0,0;0,0;0,0;0,0;2,0;0,0;;;;;;;;;;;;;
202409423,0;2024-04-14;12:35:00;COM VÍTIMA;FINALIZADA;BOA VIAGEM;RUA VISCONDE DE JEQUITINHONHA;;AV ARMINDO MOURA;COMAR;BOA VIAGEM;;;COLISÃO TRANSVERSAL;1,0;1,0;0,0;0,0;0,0;0,0;0,0;0,0;0,0;1,0;0,0;;;;;;;;;;;;;
202409434,0;2024-04-14;07:19:00;COM VÍTIMA;FINALIZADA;IMBIRIBEIRA;AV MARECHAL MASCARENHAS DE MORAES;;;EM FRENTE AO GERALDÃO;IMBIRIBEIRA;;;COLISÃO;0,0;1,0;0,0;0,0;0,0;0,0;0,0;0,0;0,0;1,0;0,0;;;;;;;;;;;;;
202409435,0;2024-04-14;07:43:00;COM VÍTIMA;FINALIZADA;PINA;PTE GOVERNADOR PAULO GUERRA;;;PONTE ESTAIDA;PINA;;SUBURBIO;COLISÃO;2,0;0,0;0,0;1,0;0,0;0,0;0,0;0,0;0,0;1,0;0,0;;;;;;;;;;;;;
202409437,0;2024-04-14;08:25:00;COM VÍTIMA;FINALIZADA;CASA AMARELA;AV NORTE MIGUEL ARRAES DE ALENCAR;;;PROX A LOJA DO AMOR / LOJA AUTO TOTAL / SENTIDO CENTRO;CASA AMARELA;;CIDADE;COLISÃO;0,0;1,0;0,0;0,0;0,0;0,0;0,0;0,0;0,0;1,0;0,0;;;;;;;;;;;;;
202409438,0;2024-04-14;09:05:00;COM VÍTIMA;FINALIZADA;BOA VIAGEM;AV ENGENHEIRO DOMINGOS FERREIRA;;;PROX A GALERIA CENTRO SUL;BOA VIAGEM;;;COLISÃO;0,0;1,0;0,0;0,0;0,0;0,0;0,0;0,0;0,0;1,0;0,0;;;;;;;;;;;;;
202409444,0;2024-04-14;11:13:00;COM VÍTIMA;FINALIZADA;AGUA FRIA;EST VELHA DE AGUA FRIA;;;EM FRENTE AO MERCADO DE AGUA FRIA E AO UNIVERSO DA BELEZA E COSMETICO;AGUA FRIA;;;COLISÃO;0,0;1,0;0,0;0,0;0,0;0,0;0,0;0,0;0,0;1,0;0,0;;;;;;;;;;;;;
202409450,0;2024-04-14;01:03:00;SEM VÍTIMA;FINALIZADA;CORDEIRO;RUA DIANOPOLIS;30;;LADO OPOSTO AO NÚMERO 30;CORDEIRO;;SUBURBIO;COLISÃO LATERAL;1,0;0,0;0,0;0,0;0,0;0,0;0,0;1,0;0,0;0,0;0,0;;;;;;;;;;;;;
202409455,0;2024-04-14;02:14:00;COM VÍTIMA;CANCELADA;CAMPO GRANDE;AV GOVERNADOR AGAMENON MAGALHAES;28;;PROX A CENTRAL DE FLAGANTES / CEPLANC;CAMPO GRANDE;;;COLISÃO LATERAL;0,0;2,0;0,0;0,0;0,0;0,0;0,0;0,0;0,0;2,0;0,0;;;;;;;;;;;;;
202409461,0;2024-04-14;04:36:00;SEM VÍTIMA;FINALIZADA;SAO JOSE;RUA IMPERADOR PEDRO SEGUNDO;;;AO LADO DO BANCO ITAU;SAO JOSE;;;COLISÃO TRASEIRA;1,0;0,0;0,0;0,0;0,0;0,0;0,0;1,0;0,0;0,0;0,0;;;;;;;;;;;;;
202409463,0;2024-04-14;05:38:00;COM VÍTIMA;FINALIZADA;AFOGADOS;RUA VINTE E UM DE ABRIL;;;NO SEMAFORO  334 E/F A PIPOQUEIRA DE AFOGADOS;AFOGADOS;;;COLISÃO TRASEIRA;1,0;1,0;0,0;0,0;0,0;0,0;0,0;0,0;0,0;1,0;0,0;;;;;;;;;;;;;
202409476,0;2024-04-14;10:25:00;COM VÍTIMA;FINALIZADA;VASCO DA GAMA;RUA VASCO DA GAMA;353;;EM FRENTE A RESIDENCIAL ADERBAL GALVÃO;VASCO DA GAMA;;;COLISÃO LATERAL;2,0;1,0;0,0;0,0;0,0;0,0;0,0;0,0;0,0;1,0;0,0;;;;;;;;;;;;;
202409480,0;2024-04-15;05:43:00;COM VÍTIMA;FINALIZADA;AREIAS;AV DR JOSE RUFINO;;;E/F MIX MATEUS - SENTIDO BARRO;AREIAS;;;COLISÃO LATERAL;0,0;1,0;0,0;0,0;0,0;1,0;0,0;0,0;0,0;1,0;0,0;;;;;;;;;;;;;
202409490,0;2024-04-15;07:07:00;COM VÍTIMA;FINALIZADA;VARZEA;AV AFONSO OLINDENSE;;;.EM FRENTE AO NOVO ATACAREJO;VARZEA;;;COLISÃO TRASEIRA;1,0;2,0;0,0;0,0;0,0;0,0;0,0;0,0;0,0;4,0;0,0;;;;;;;;;;;;;
202409493,0;2024-04-15;07:17:00;COM VÍTIMA;FINALIZADA;ROSARINHO;AV NORTE MIGUEL ARRAES DE ALENCAR;;;SENTIDO CIDADE APOS O CRUZAMENTO DA FERREIRA COSTA EM FRENTE AO POSTO DO DETRAN;ROSARINHO;;;COLISÃO;0,0;1,0;0,0;0,0;0,0;0,0;0,0;0,0;0,0;1,0;0,0;;;;;;;;;;;;;
202409494,0;2024-04-15;07:18:00;COM VÍTIMA;FINALIZADA;SAN MARTIN;AV GENERAL SAN MARTIN;2442;;EM FRENTE A ESCOLA ADVENTISTA;SAN MARTIN;;;COLISÃO;1,0;1,0;0,0;0,0;0,0;0,0;0,0;0,0;0,0;1,0;0,0;;;;;;;;;;;;;
202409499,0;2024-04-15;07:46:00;COM VÍTIMA;FINALIZADA;CAMPO GRANDE;RUA ODORICO MENDES;861;;PROX AO CLUBE DAS PAS E AO SUPERMERCADO ESTILO;CAMPO GRANDE;;;COLISÃO;0,0;1,0;0,0;0,0;0,0;0,0;0,0;0,0;0,0;1,0;0,0;;;;;;;;;;;;;
202409503,0;2024-04-15;08:22:00;COM VÍTIMA;FINALIZADA;BOA VIAGEM;RUA DEZ DE JULHO;481;;PROX. AO ALUGUE BRASIL;BOA VIAGEM;;;COLISÃO LATERAL;2,0;0,0;0,0;0,0;0,0;0,0;0,0;0,0;0,0;1,0;0,0;;;;;;;;;;;;;
202409505,0;2024-04-15;08:31:00;COM VÍTIMA;FINALIZADA;AREIAS;AV RECIFE;;;EM FRENTE A EQUIPADORA RENATO SOM E ATIGA FABRICA DA CIROL ROYAL;AREIAS;;;COLISÃO LATERAL;0,0;1,0;0,0;0,0;0,0;0,0;0,0;0,0;0,0;1,0;0,0;;;;;;;;;;;;;
202409506,0;2024-04-15;08:31:00;COM VÍTIMA;FINALIZADA;AFOGADOS;RUA SAO MIGUEL;;;PROX AO QUARTEL DE AFOGADOS;AFOGADOS;;;;0,0;1,0;0,0;0,0;0,0;0,0;0,0;0,0;0,0;1,0;0,0;;;;;;;;;;;;;
202409519,0;2024-04-15;10:18:00;SEM VÍTIMA;FINALIZADA;SAO JOSE;TRV PADRE AZEVEDO;930;RUA IMPERIAL;OLIVER COMERCIO;SAO JOSE;511,0;SUBURBIO;COLISÃO LATERAL;1,0;0,0;0,0;0,0;0,0;0,0;0,0;1,0;0,0;0,0;0,0;;;;;;;;;;;;;
202409547,0;2024-04-15;02:17:00;COM VÍTIMA;FINALIZADA;SANTO AMARO;AV CRUZ CABUGA;;;PROX AO SUPERMERCADO MIX MATHEUS E AMARZEM CORAL;SANTO AMARO;;;COLISÃO;0,0;1,0;0,0;0,0;0,0;0,0;0,0;0,0;0,0;1,0;0,0;;;;;;;;;;;;;
202409551,0;2024-04-15;03:08:00;COM VÍTIMA;FINALIZADA;SITIO DOS PINTOS;RUA MANUEL DE MEDEIROS;;;NA ENTRADA DE SITIO DOS PINTOS NO SEMAFORO  588;SITIO DOS PINTOS;;;COLISÃO LATERAL;1,0;1,0;0,0;0,0;0,0;0,0;0,0;0,0;0,0;1,0;0,0;;;;;;;;;;;;;
202409563,0;2024-04-15;04:18:00;COM VÍTIMA;FINALIZADA;TOTO;AV LIBERDADE;;;PROX A NALCA DA GALINHA / LOJA ROSA PINK;TOTO;;;COLISÃO;1,0;0,0;0,0;0,0;0,0;0,0;0,0;0,0;0,0;1,0;0,0;;;;;;;;;;;;;
202409565,0;2024-04-15;04:59:00;COM VÍTIMA;FINALIZADA;MADALENA;RUA BENFICA;;;EM FRENTE  A DELEGACIA DA DPCA / PROX AO MARTELINHO DE OURO;MADALENA;;CIDADE;COLISÃO LATERAL;0,0;1,0;0,0;0,0;0,0;1,0;0,0;0,0;0,0;1,0;0,0;;;;;;;;;;;;;
202409569,0;2024-04-15;05:40:00;COM VÍTIMA;FINALIZADA;SAO JOSE;VIADUTO CAPITAO TEMUDO;;;PROX DO COMPAZ DO COQUE / ANTES DO CABANGA;SAO JOSE;;;TOMBAMENTO;0,0;1,0;0,0;0,0;0,0;0,0;0,0;0,0;0,0;1,0;0,0;;;;;;;;;;;;;
202409571,0;2024-04-15;06:19:00;COM VÍTIMA;FINALIZADA;CAMPO GRANDE;RUA JERONIMO VILELA;127;;EM FRENTE AO MERCADINHO BOM JESUS;CAMPO GRANDE;;;COLISÃO;0,0;1,0;0,0;0,0;0,0;0,0;0,0;0,0;0,0;1,0;0,0;;;;;;;;;;;;;
202409572,0;2024-04-15;06:28:00;COM VÍTIMA;FINALIZADA;CASA AMARELA;AV DR EURICO CHAVES;;;EM FRENTE AO AÇOUGUE DO POVO / PROX A FARMACIA DO MANDACARU;CASA AMARELA;;;COLISÃO;0,0;1,0;0,0;0,0;0,0;0,0;0,0;0,0;0,0;1,0;0,0;;;;;;;;;;;;;
202409575,0;2024-04-15;06:43:00;COM VÍTIMA;FINALIZADA;MADALENA;RUA BENFICA;;;LOGO APOS O CLUBE INTERNACIONAL;MADALENA;;;COLISÃO FRONTAL;1,0;1,0;0,0;0,0;0,0;0,0;0,0;0,0;0,0;1,0;0,0;;;;;;;;;;;;;
202409579,0;2024-04-15;07:20:00;COM VÍTIMA;FINALIZADA;PINA;PTE GOVERNADOR PAULO GUERRA;;;PONTE ESTAIADA / ACESSO À VIA MANGUE;PINA;;;COLISÃO COM CICLISTA;1,0;0,0;0,0;1,0;0,0;0,0;0,0;0,0;0,0;1,0;0,0;;;;;;;;;;;;;
202409584,0;2024-04-15;08:32:00;COM VÍTIMA;FINALIZADA;TORROES;AV BICENTENARIO DA REVOLUCAO FRANCESA;185;;PROX A FARMACIA POUPE MAIS;TORROES;;;COLISÃO;1,0;0,0;0,0;1,0;0,0;0,0;0,0;0,0;0,0;1,0;0,0;;;;;;;;;;;;;
202409604,0;2024-04-16;07:34:00;COM VÍTIMA;FINALIZADA;BOA VIAGEM;AV ARMINDO MOURA;;;PROX AO BAR DAS MENINAS / PROX AO POSTO  IPIRANGA;BOA VIAGEM;258,0;;COLISÃO;1,0;1,0;0,0;0,0;0,0;0,0;0,0;0,0;0,0;1,0;0,0;;;;;;;;;;;;;
202409607,0;2024-04-16;07:53:00;COM VÍTIMA;FINALIZADA;BOA VIAGEM;AV CONSELHEIRO AGUIAR;;;EM FRENTE AO VERD FRUTT / PROX AO PURO AÇAI;BOA VIAGEM;;;COLISÃO;0,0;1,0;0,0;0,0;0,0;0,0;0,0;0,0;0,0;1,0;0,0;;;;;;;;;;;;;
202409609,0;2024-04-16;08:11:00;COM VÍTIMA;FINALIZADA;BOA VIAGEM;AV ENGENHEIRO DOMINGOS FERREIRA;;;EM FRENTE AO CENTRO EMPRESARIAL DE BOA VIAGEM;BOA VIAGEM;;;COLISÃO LATERAL;0,0;1,0;0,0;0,0;0,0;0,0;0,0;0,0;0,0;1,0;0,0;;;;;;;;;;;;;
202409614,0;2024-04-16;08:34:00;COM VÍTIMA;FINALIZADA;AREIAS;AV RECIFE;11065;;EM FRENTE AO ATACADÃO  /  SENTIDO BR  101;AREIAS;;;COLISÃO;0,0;1,0;0,0;0,0;0,0;0,0;0,0;0,0;0,0;1,0;0,0;;;;;;;;;;;;;
202409625,0;2024-04-16;10:37:00;SEM VÍTIMA;FINALIZADA;BOA VISTA;RUA DOM BOSCO;;AV GOVERNADOR AGAMENON MAGALHAES;SEMÁFORO 174;BOA VISTA;174,0;SUBURBIO;COLISÃO TRASEIRA;2,0;0,0;0,0;0,0;0,0;0,0;0,0;0,0;0,0;0,0;0,0;;;;;;;;;;;;;
202409632,0;2024-04-16;11:55:00;COM VÍTIMA;FINALIZADA;APIPUCOS;RUA DOIS IRMAOS;;;PROX A ANTIGA ROSE BELTRÃO ( CASA DE FESTAS);APIPUCOS;;;COLISÃO LATERAL;0,0;1,0;0,0;0,0;0,0;0,0;0,0;0,0;0,0;1,0;0,0;;;;;;;;;;;;;
202409640,0;2024-04-16;01:39:00;COM VÍTIMA;FINALIZADA;AFOGADOS;RUA COSME VIANA;;;ESQUINA  DO BAR DAS AMIGAS  ANTIGA ESQUINA DO LEO;AFOGADOS;;;COLISÃO LATERAL;1,0;1,0;0,0;0,0;0,0;0,0;0,0;0,0;0,0;1,0;0,0;;;;;;;;;;;;;
202409644,0;2024-04-16;02:39:00;COM VÍTIMA;FINALIZADA;AFOGADOS;RUA SAO MIGUEL;350;;EM FRENTE A AGENCIA DO BANCO DO BRASIL;AFOGADOS;;;COLISÃO FRONTAL;1,0;1,0;0,0;0,0;0,0;0,0;0,0;0,0;0,0;1,0;0,0;;;;;;;;;;;;;
202409657,0;2024-04-16;04:06:00;COM VÍTIMA;FINALIZADA;SAO JOSE;RUA FLORIANO PEIXOTO;;;EM FRENTE A CASA DA CULTURA;SAO JOSE;;;COLISÃO LATERAL;0,0;2,0;0,0;0,0;0,0;0,0;0,0;0,0;0,0;2,0;0,0;;;;;;;;;;;;;
202409661,0;2024-04-16;04:44:00;SEM VÍTIMA;FINALIZADA;PINA;RUA SAO LUIZ;;;E/F AO TODA HORA ATACAREJO;PINA;;;COLISÃO TRASEIRA;0,0;1,0;0,0;0,0;0,0;0,0;0,0;1,0;0,0;0,0;0,0;;;;;;;;;;;;;
202409667,0;2024-04-16;06:12:00;COM VÍTIMA;FINALIZADA;SANTO AMARO;RUA DOS PALMARES;427;RUA DO POMBAL;ESQUINA;SANTO AMARO;;;COLISÃO;1,0;1,0;0,0;0,0;0,0;0,0;0,0;0,0;0,0;1,0;0,0;;;;;;;;;;;;;
202409668,0;2024-04-16;06:14:00;COM VÍTIMA;DUPLICIDADE;SANTO AMARO;RUA DOS PALMARES;427;;LADO OPOSTO DO COMANDO GERAL DA GUARDA MUNICIPAL DO RECIFE;SANTO AMARO;;;COLISÃO;0,0;1,0;0,0;0,0;0,0;0,0;0,0;0,0;0,0;1,0;0,0;;;;;;;;;;;;;
202409678,0;2024-04-16;09:10:00;COM VÍTIMA;FINALIZADA;ARRUDA;AV BEBERIBE;;AV PROFESSOR JOSE DOS ANJOS;IGREJA ASSEMBLEIA DE DEUS;ARRUDA;;;COLISÃO LATERAL;2,0;0,0;0,0;0,0;0,0;0,0;0,0;0,0;0,0;1,0;0,0;;;;;;;;;;;;;
202409696,0;2024-04-17;07:30:00;COM VÍTIMA;FINALIZADA;BOA VIAGEM;AV ENGENHEIRO DOMINGOS FERREIRA;;;EM FRENTE A FARMACIA PAGUE MENOS;BOA VIAGEM;139,0;;COLISÃO TRASEIRA;2,0;1,0;0,0;0,0;0,0;0,0;0,0;0,0;0,0;1,0;0,0;;;;;;;;;;;;;
202409698,0;2024-04-17;07:33:00;COM VÍTIMA;FINALIZADA;AREIAS;AV DR JOSE RUFINO;;;PROX AO COLEGIO VISÃO;AREIAS;;;COLISÃO TRASEIRA;1,0;1,0;0,0;0,0;0,0;0,0;0,0;0,0;0,0;1,0;0,0;;;;;;;;;;;;;
202409700,0;2024-04-17;07:41:00;COM VÍTIMA;FINALIZADA;BOA VISTA;RUA BARAO DE SAO BORJA;;;EM FRENTE A ESCOLA PEDRO AUGUSTO;BOA VISTA;;;COLISÃO LATERAL;0,0;1,0;0,0;0,0;0,0;0,0;0,0;0,0;0,0;1,0;0,0;;;;;;;;;;;;;
202409710,0;2024-04-17;08:45:00;COM VÍTIMA;FINALIZADA;BOA VISTA;PTE PRINCESA IZABEL;;;NA CURVA, APOS A PONTE AO LADO DO TEATRO PRINCESA IZABEL;BOA VISTA;;;QUEDA;0,0;1,0;0,0;0,0;0,0;0,0;0,0;0,0;0,0;1,0;0,0;;;;;;;;;;;;;
202409712,0;2024-04-17;08:47:00;COM VÍTIMA;FINALIZADA;SANTO AMARO;RUA PRINCESA IZABEL;2028;;AO LADO DA CAMERA DOS VEREADORES DO RECIFE PROX AO PARQUE TREZE DE MAIO;SANTO AMARO;;;COLISÃO;0,0;1,0;0,0;0,0;0,0;0,0;0,0;0,0;0,0;1,0;0,0;;;;;;;;;;;;;
202409719,0;2024-04-17;10:24:00;COM VÍTIMA;FINALIZADA;NOVA DESCOBERTA;RUA NOVA DESCOBERTA;2013;;EM FRENTE A VALTER MOVEIS;NOVA DESCOBERTA;;;COLISÃO LATERAL;1,0;1,0;0,0;0,0;0,0;0,0;0,0;0,0;0,0;1,0;0,0;;;;;;;;;;;;;
202409722,0;2024-04-17;11:05:00;COM VÍTIMA;FINALIZADA;JOANA BEZERRA;AV DES GUERRA BARRETO;;;FORUM DE JOANA BEZERRA;JOANA BEZERRA;;;COLISÃO LATERAL;0,0;1,0;0,0;0,0;0,0;0,0;0,0;0,0;0,0;1,0;0,0;;;;;;;;;;;;;
202409725,0;2024-04-17;11:37:00;COM VÍTIMA;FINALIZADA;PINA;AV ENGENHEIRO DOMINGOS FERREIRA;1793;;MULT POSTO / AP BEBIDAS;PINA;;;COLISÃO;0,0;1,0;0,0;0,0;0,0;0,0;0,0;0,0;0,0;1,0;0,0;;;;;;;;;;;;;
202409727,0;2024-04-17;11:58:00;COM VÍTIMA;FINALIZADA;BOA VIAGEM;AV ENGENHEIRO DOMINGOS FERREIRA;;;EM FRENTE A LOJA CONSTANCE  / AO LADO DO RESTAURANTE DOM FERREIRA;BOA VIAGEM;;;COLISÃO;1,0;0,0;0,0;0,0;0,0;0,0;0,0;0,0;0,0;1,0;0,0;;;;;;;;;;;;;
202409733,0;2024-04-17;01:55:00;COM VÍTIMA;FINALIZADA;IPUTINGA;RUA CAPITAO AURELIO DE ARAUJO;184;;PROX AO SUPERMERCADO EXTRA DA CAXANGA PRIMEIRA A DIREITA;IPUTINGA;;;COLISÃO LATERAL;1,0;1,0;0,0;0,0;0,0;0,0;0,0;0,0;0,0;1,0;0,0;;;;;;;;;;;;;
202409736,0;2024-04-17;02:22:00;COM VÍTIMA;FINALIZADA;BOA VIAGEM;AV CONSELHEIRO AGUIAR;2775;;EM FRENTE AO RESTAURANTE BAR DO CHEFF;BOA VIAGEM;;;ATROPELAMENTO DE PESSOA;1,0;0,0;0,0;0,0;1,0;0,0;0,0;0,0;0,0;1,0;0,0;;;;;;;;;;;;;
202409737,0;2024-04-17;03:09:00;COM VÍTIMA;FINALIZADA;BARRO;AV DR JOSE RUFINO;3756;;PROX A IGREJA CATOLICA DO BARRO;BARRO;;;COLISÃO;0,0;1,0;0,0;0,0;0,0;0,0;0,0;0,0;0,0;1,0;0,0;;;;;;;;;;;;;
202409743,0;2024-04-17;05:30:00;COM VÍTIMA;FINALIZADA;TORROES;RUA DR PEDRO CAMELO;36508;;REMOÇÃO PARA O HOSPITAL GETULIO VARGAS;TORROES;;;COLISÃO;0,0;1,0;0,0;0,0;0,0;0,0;0,0;0,0;0,0;1,0;0,0;;;;;;;;;;;;;
202409747,0;2024-04-17;06:34:00;COM VÍTIMA;FINALIZADA;ROSARINHO;AV NORTE MIGUEL ARRAES DE ALENCAR;2991;;;ROSARINHO;;;ATROPELAMENTO DE PESSOA;0,0;1,0;0,0;0,0;1,0;0,0;0,0;0,0;0,0;1,0;0,0;;;;;;;;;;;;;
202409748,0;2024-04-17;06:25:00;COM VÍTIMA;DUPLICIDADE;CORDEIRO;AV PROFESSOR ESTEVAO FRANCISCO DA COSTA;2991;;EM FRENTE AUTO ESCOLA TÁTICA;CORDEIRO;;;ATROPELAMENTO DE PESSOA;0,0;1,0;0,0;0,0;1,0;0,0;0,0;0,0;0,0;1,0;0,0;;;;;;;;;;;;;
202409750,0;2024-04-17;06:46:00;COM VÍTIMA;FINALIZADA;JIQUIA;RUA PASSO DA SANTA CRUZ;274;;PROX A ANTIGA FABRICA DO IOLANDA, PROX AO COLEGIO VISÃO;JIQUIA;;;COLISÃO;0,0;1,0;0,0;0,0;0,0;0,0;0,0;0,0;0,0;1,0;0,0;;;;;;;;;;;;;
202409753,0;2024-04-17;12:00:00;SEM VÍTIMA;FINALIZADA;PARNAMIRIM;AV DEZESSETE DE AGOSTO;9;;EM FRENTE A PRAÇA DE PARNAMIRIM;PARNAMIRIM;;;CHOQUE;1,0;0,0;0,0;0,0;0,0;0,0;0,0;0,0;0,0;0,0;0,0;;;;;;;;;;;;;
202409767,0;2024-04-18;06:48:00;COM VÍTIMA;FINALIZADA;VARZEA;RUA ACADEMICO HELIO RAMOS;;;POR TRAS DO HOSPITAL DAS CLINICAS E UNIVERSIDADE FEDERAL EM FRENTE A GREA METRO NORTE;VARZEA;;;COLISÃO LATERAL;2,0;0,0;0,0;0,0;0,0;0,0;0,0;0,0;0,0;1,0;0,0;;;;;;;;;;;;;
202409771,0;2024-04-18;07:09:00;COM VÍTIMA;FINALIZADA;AGUA FRIA;EST VELHA DE AGUA FRIA;;;EM FRENTE AO POSTO DE GASOLINA TNB, PROX. A JP BIKE;AGUA FRIA;;;COLISÃO FRONTAL;1,0;1,0;0,0;0,0;0,0;0,0;0,0;0,0;0,0;1,0;0,0;;;;;;;;;;;;;
202409790,0;2024-04-18;08:11:00;COM VÍTIMA;FINALIZADA;TAMARINEIRA;EST VELHA DE AGUA FRIA;;;PROX. A FERREIRA COSTA E DENOX;TAMARINEIRA;;;COLISÃO LATERAL;0,0;1,0;0,0;0,0;0,0;0,0;0,0;0,0;0,0;1,0;0,0;;;;;;;;;;;;;
202409791,0;2024-04-18;08:15:00;COM VÍTIMA;FINALIZADA;AGUA FRIA;RUA ALEGRE;263;;PROX A ETE ESCOLA PROFESSOR ALFREDO FREIRE PROX A DELEGACIA;AGUA FRIA;;;COLISÃO LATERAL;0,0;2,0;0,0;0,0;0,0;0,0;0,0;0,0;0,0;1,0;0,0;;;;;;;;;;;;;
202409792,0;2024-04-18;08:29:00;COM VÍTIMA;FINALIZADA;JAQUEIRA;RUA DEPUTADO PEDRO PIRES FERREIRA;;;EM FRENTE A GALERIA JAQUEIRA;JAQUEIRA;;;COLISÃO LATERAL;2,0;0,0;0,0;0,0;0,0;0,0;0,0;0,0;0,0;1,0;0,0;;;;;;;;;;;;;
202409796,0;2024-04-18;08:32:00;SEM VÍTIMA;FINALIZADA;MADALENA;RUA REAL DA TORRE;217;;AO LADO DO Nº 217;MADALENA;;SUBURBIO;COLISÃO LATERAL;1,0;0,0;0,0;0,0;0,0;0,0;1,0;0,0;0,0;0,0;0,0;;;;;;;;;;;;;
202409803,0;2024-04-18;08:56:00;COM VÍTIMA;FINALIZADA;PRADO;RUA CARLOS GOMES;248;;ANTES DO CAVALO DOURADO;PRADO;;;COLISÃO LATERAL;0,0;1,0;0,0;0,0;0,0;0,0;0,0;0,0;0,0;1,0;0,0;;;;;;;;;;;;;
202409807,0;2024-04-18;09:15:00;SEM VÍTIMA;FINALIZADA;ESPINHEIRO;RUA QUARENTA E OITO;395;;PROX AO EDIFICIO ARAÇOIBA VILLAGE / PROX AO ESHOP RECIFE  E ESPINHEIRO PADARIA;ESPINHEIRO;;;COLISÃO LATERAL;1,0;0,0;0,0;0,0;0,0;0,0;1,0;0,0;0,0;0,0;0,0;;;;;;;;;;;;;
202409808,0;2024-04-18;09:19:00;COM VÍTIMA;FINALIZADA;PRADO;RUA CARLOS GOMES;;;EM FRENTE A ASSOCIAÇÃO DE CABOS E SOLDADOS;PRADO;;;QUEDA;0,0;1,0;0,0;0,0;1,0;0,0;0,0;0,0;0,0;1,0;0,0;;;;;;;;;;;;;