Protocolo;data;hora;natureza;situacao;bairro;endereco;numero;detalhe_endereco_acidente;complemento;bairro_cruzamento;num_semaforo;sentido_via;tipo;auto;moto;ciclom;ciclista;pedestre;onibus;caminhao;viatura;outros;vitimas;vitimasfatais;acidente_verificado;tempo_clima;situacao_semaforo;sinalizacao;condicao_via;conservacao_via;ponto_controle;situacao_placa;velocidade_max_via;mao_direcao;divisao_via1;divisao_via2;divisao_via3
202409820,0;2024-04-18;10:42:00;COM VÍTIMA;FINALIZADA;CORDEIRO;RUA CLAUDIO BROTHERHOOD;;RUA GOMES TABORDA;EM FRENTE A BETO BEBIDAS;CORDEIRO;;;COLISÃO FRONTAL;0,0;1,0;0,0;0,0;0,0;0,0;0,0;0,0;0,0;2,0;0,0;;;;;;;;;;;;;
202409841,0;2024-04-18;01:53:00;SEM VÍTIMA;FINALIZADA;TORREAO;RUA MARECHAL DEODORO;;RUA PADRE MIGUELINHO;POR TRAS DO RESTAURANTE LEITAO;TORREAO;;;COLISÃO LATERAL;1,0;0,0;0,0;0,0;0,0;0,0;0,0;1,0;0,0;0,0;0,0;;;;;;;;;;;;;
202409846,0;2024-04-18;02:09:00;COM VÍTIMA;FINALIZADA;IPSEP;RUA SAO NICOLAU;;;PROX A O ALTOS MULTIMARCAS;IPSEP;;;COLISÃO LATERAL;0,0;1,0;0,0;0,0;0,0;0,0;1,0;0,0;0,0;1,0;0,0;;;;;;;;;;;;;
202409849,0;2024-04-18;02:41:00;COM VÍTIMA;FINALIZADA;BOA VIAGEM;AV ENGENHEIRO DOMINGOS FERREIRA;703;;EM FRENTE A MALUS CONSTRUÇÃO E ENCORPORAÇÃO;BOA VIAGEM;;;COLISÃO;0,0;1,0;0,0;0,0;0,0;0,0;0,0;0,0;0,0;1,0;0,0;;;;;;;;;;;;;
202409852,0;2024-04-18;03:06:00;COM VÍTIMA;FINALIZADA;SAO JOSE;RUA DAS CALCADAS;;;FRENTE ARMAZEM CORAL;SAO JOSE;;;COLISÃO;1,0;0,0;0,0;0,0;1,0;0,0;0,0;0,0;0,0;1,0;0,0;;;;;;;;;;;;;
202409855,0;2024-04-18;03:46:00;COM VÍTIMA;FINALIZADA;BOA VIAGEM;AVENIDA CELSO FURTADO (VIA MANGUE);;;PROX A BIKE HOUSE, PROX AO MIX MATEUS EM CONSTRUÇÃO;BOA VIAGEM;;;COLISÃO;0,0;1,0;0,0;0,0;0,0;0,0;0,0;0,0;0,0;1,0;0,0;;;;;;;;;;;;;
202409862,0;2024-04-18;04:15:00;COM VÍTIMA;FINALIZADA;ENCRUZILHADA;AV NORTE MIGUEL ARRAES DE ALENCAR;;;EM FRENTE A RENAULT;ENCRUZILHADA;;1987;COLISÃO;0,0;0,0;0,0;0,0;0,0;0,0;0,0;0,0;0,0;1,0;0,0;;;;;;;;;;;;;
202409866,0;2024-04-18;05:03:00;COM VÍTIMA;FINALIZADA;IBURA;AV DOIS RIOS;409;;EM FRENTE A POLICLINICA;IBURA;;;COLISÃO;0,0;1,0;0,0;0,0;0,0;0,0;0,0;0,0;0,0;1,0;0,0;;;;;;;;;;;;;
202409890,0;2024-04-18;07:53:00;COM VÍTIMA;FINALIZADA;SAO JOSE;RUA IMPERIAL;1251;;PROXIMO D0 VIADUTO;SAO JOSE;;;COLISÃO FRONTAL;1,0;1,0;0,0;0,0;0,0;0,0;0,0;0,0;0,0;1,0;0,0;;;;;;;;;;;;;
202409894,0;2024-04-19;05:35:00;SEM VÍTIMA;FINALIZADA;ILHA DO LEITE;AV FREI MATIAS TEVES;;RUA SENADOR JOSE HENRIQUE;;ILHA DO LEITE;;SUBURBIO;COLISÃO LATERAL;1,0;0,0;0,0;0,0;0,0;1,0;0,0;0,0;0,0;0,0;0,0;;;;;;;;;;;;;
202409913,0;2024-04-19;07:52:00;COM VÍTIMA;FINALIZADA;SAO JOSE;RUA IMPERIAL;1222;;PROX AO FEIRÃO DA JOANA BEZERRA;SAO JOSE;;;COLISÃO;0,0;1,0;0,0;0,0;0,0;0,0;0,0;0,0;0,0;1,0;0,0;;;;;;;;;;;;;
202409920,0;2024-04-19;08:49:00;COM VÍTIMA;FINALIZADA;NOVA DESCOBERTA;RUA NOVA DESCOBERTA;144;;PROX. A FARMACIA DO LARGO, LARGO DONA REGINA;NOVA DESCOBERTA;;;COLISÃO LATERAL;0,0;1,0;0,0;0,0;0,0;0,0;0,0;0,0;0,0;1,0;0,0;;;;;;;;;;;;;
202409927,0;2024-04-19;09:24:00;COM VÍTIMA;FINALIZADA;IMBIRIBEIRA;AV MARECHAL MASCARENHAS DE MORAES;;;EM FRENTE AO AEROPORTO, SENT. CIDADE;IMBIRIBEIRA;;;COLISÃO LATERAL;1,0;1,0;0,0;0,0;0,0;0,0;0,0;0,0;0,0;2,0;0,0;;;;;;;;;;;;;
202409935,0;2024-04-19;10:35:00;COM VÍTIMA;FINALIZADA;SANTO AMARO;RUA DR CARLOS CHAGAS;52;;EM FRENTE A FARMACIA PAGUE MENOS / PROX A ENTRADA DO HOSPITAL OSWALDO CRUZ;SANTO AMARO;;;COLISÃO LATERAL;1,0;1,0;0,0;0,0;0,0;0,0;0,0;0,0;0,0;1,0;0,0;;;;;;;;;;;;;
202409936,0;2024-04-19;10:38:00;COM VÍTIMA;FINALIZADA;SANTO AMARO;RUA ARARIPINA;209;;EM FRENTE AO SINDICATO RODOVIARIO;SANTO AMARO;;;COLISÃO LATERAL;1,0;1,0;0,0;0,0;0,0;0,0;0,0;0,0;0,0;2,0;0,0;;;;;;;;;;;;;
202409941,0;2024-04-19;12:18:00;COM VÍTIMA;FINALIZADA;BAIRRO DO RECIFE;CAIS DO APOLO;;;PROX AO ANTIGO PREDIO DA POLICIA FEDERAL;BAIRRO DO RECIFE;;;COLISÃO;0,0;1,0;0,0;0,0;0,0;0,0;0,0;0,0;0,0;1,0;0,0;;;;;;;;;;;;;
202409947,0;2024-04-19;12:58:00;COM VÍTIMA;FINALIZADA;PARNAMIRIM;RUA ALBINO MEIRA;;;PROX AO PÃO DE AÇUCAR / IR PELA PADRE ROMA / PROX A GOL ORDEM;PARNAMIRIM;;;COLISÃO;0,0;1,0;0,0;0,0;0,0;0,0;0,0;0,0;0,0;1,0;0,0;;;;;;;;;;;;;
202409949,0;2024-04-19;01:20:00;SEM VÍTIMA;FINALIZADA;IPUTINGA;AV PROFESSOR JOAQUIM CAVALCANTI;721;;PROX AO ATACADAO;IPUTINGA;;;COLISÃO LATERAL;1,0;0,0;0,0;0,0;0,0;0,0;0,0;1,0;0,0;0,0;0,0;;;;;;;;;;;;;
202409953,0;2024-04-19;01:54:00;COM VÍTIMA;FINALIZADA;ENCRUZILHADA;RUA FERNANDO CESAR;376;;EM FRENTE AO BANCO DO BRASIL;ENCRUZILHADA;;;COLISÃO;0,0;1,0;0,0;0,0;0,0;0,0;0,0;0,0;0,0;1,0;0,0;;;;;;;;;;;;;
202409959,0;2024-04-19;02:26:00;SEM VÍTIMA;FINALIZADA;SAO JOSE;RUA VELHA;;;PONTE VELHA;SAO JOSE;;SUBURBIO;COLISÃO TRASEIRA;0,0;1,0;0,0;0,0;0,0;0,0;0,0;1,0;0,0;0,0;0,0;;;;;;;;;;;;;
202409960,0;2024-04-19;02:49:00;COM VÍTIMA;CANCELADA;CORDEIRO;EST DO FORTE DO ARRAIAL N. DO B. JESUS;;;PROX A CTI IMOBILIARIA;CORDEIRO;;;COLISÃO LATERAL;1,0;1,0;0,0;0,0;0,0;0,0;0,0;0,0;0,0;1,0;0,0;;;;;;;;;;;;;
202409967,0;2024-04-19;04:09:00;COM VÍTIMA;FINALIZADA;PRADO;RUA GOMES TABORDA;915;;PROX AO ATACAREJO;PRADO;;;COLISÃO;0,0;1,0;0,0;0,0;0,0;0,0;0,0;0,0;0,0;1,0;0,0;;;;;;;;;;;;;
202409971,0;2024-04-19;05:15:00;COM VÍTIMA;FINALIZADA;TEJIPIO;AV DR JOSE RUFINO;4567;;EM FRENTE A ESCOLA MARECHAL RONDOM;TEJIPIO;;;COLISÃO;0,0;1,0;0,0;0,0;0,0;0,0;0,0;0,0;0,0;1,0;0,0;;;;;;;;;;;;;
202409973,0;2024-04-19;05:41:00;SEM VÍTIMA;FINALIZADA;SANTO AMARO;RUA DO POMBAL;795;RUA TUPINAMBAS;;SANTO AMARO;;;COLISÃO LATERAL;2,0;0,0;0,0;0,0;0,0;0,0;0,0;0,0;0,0;0,0;0,0;;;;;;;;;;;;;
202409974,0;2024-04-19;05:54:00;COM VÍTIMA;FINALIZADA;BAIRRO DO RECIFE;C SANTA RITA;;;POR TRAS DO NOVO HOTEL;BAIRRO DO RECIFE;;;COLISÃO;0,0;1,0;0,0;0,0;0,0;0,0;0,0;0,0;0,0;1,0;0,0;;;;;;;;;;;;;
202409999,0;2024-04-19;10:35:00;COM VÍTIMA;FINALIZADA;FUNDAO;AV BEBERIBE;;;PROX AO PAGODE DA PRESSÃO;FUNDAO;;;COLISÃO;1,0;1,0;0,0;0,0;0,0;0,0;0,0;0,0;0,0;1,0;0,0;;;;;;;;;;;;;
202410014,0;2024-04-20;06:17:00;COM VÍTIMA;FINALIZADA;CURADO;RUA MINISTRO MARIO ANDREAZZA;;;ENTRADA DO TERMINAL INTEGRADO DO TIP;CURADO;;;COLISÃO FRONTAL;0,0;1,0;0,0;0,0;0,0;1,0;0,0;0,0;0,0;1,0;0,0;;;;;;;;;;;;;
202410027,0;2024-04-20;08:19:00;COM VÍTIMA;FINALIZADA;ROSARINHO;RUA ENGENHEIRO NESTOR MOREIRA REIS;;;PROX AO COLEGIO  FAZER CRESCE  / DEPOIS DA PARAÇA DO ROSARINHO;ROSARINHO;;;COLISÃO LATERAL;1,0;1,0;0,0;0,0;0,0;0,0;0,0;0,0;0,0;1,0;0,0;;;;;;;;;;;;;
202410068,0;2024-04-20;02:05:00;SEM VÍTIMA;FINALIZADA;BARRO;RUA DOM ANTONIO VICOSO;;;PROX A CASA 468;BARRO;;;COLISÃO;1,0;1,0;0,0;0,0;0,0;0,0;0,0;0,0;0,0;0,0;0,0;;;;;;;;;;;;;
202410087,0;2024-04-20;05:35:00;COM VÍTIMA;FINALIZADA;SAN MARTIN;AV GENERAL SAN MARTIN;;RUA GOMES TABORDA;SEMÁFORO 067;SAN MARTIN;;;COLISÃO FRONTAL;1,0;1,0;0,0;0,0;0,0;0,0;0,0;0,0;0,0;1,0;0,0;;;;;;;;;;;;;
202410105,0;2024-04-20;11:12:00;SEM VÍTIMA;FINALIZADA;DOIS IRMAOS;RUA DOIS IRMAOS;;;MOTEL CASA GRANDE EMBAIXO DO VIADUTO;DOIS IRMAOS;;;CHOQUE;0,0;0,0;0,0;0,0;0,0;0,0;0,0;0,0;0,0;0,0;0,0;;;;;;;;;;;;;
202410129,0;2024-04-21;08:41:00;COM VÍTIMA;FINALIZADA;IMBIRIBEIRA;RUA JOAQUIM BANDEIRA;268 A;;EMBAIXO DO PONTILHAO DO METRO ESTAÇÃO ANTONIO FALCAO;IMBIRIBEIRA;;;COLISÃO FRONTAL;1,0;1,0;0,0;0,0;0,0;0,0;0,0;0,0;0,0;2,0;0,0;;;;;;;;;;;;;
202410130,0;2024-04-21;08:58:00;COM VÍTIMA;FINALIZADA;BOA VISTA;AV GOVERNADOR AGAMENON MAGALHAES;;;AO LADO DO BOMPREÇO / SENTIDO OLINDA;BOA VISTA;;;COLISÃO LATERAL;1,0;1,0;0,0;0,0;0,0;0,0;0,0;0,0;0,0;1,0;0,0;;;;;;;;;;;;;
202410134,0;2024-04-21;09:27:00;COM VÍTIMA;FINALIZADA;CORREGO DO JENIPAPO;RUA CORREGO DO FERNANDINHO;60;;DEPOIS DA UPINHA DO CÓRREGO DO JENIPAPO (  PRIMEIRA RUA A DIREITA );CORREGO DO JENIPAPO;;;COLISÃO LATERAL;3,0;1,0;0,0;0,0;0,0;0,0;0,0;0,0;0,0;1,0;0,0;;;;;;;;;;;;;
202410145,0;2024-04-21;11:15:00;COM VÍTIMA;FINALIZADA;ALTO DO MANDU;AV DR EURICO CHAVES;449;;PROX. A SORVETERIA EXPLOSÃO DE SABOR;ALTO DO MANDU;;;COLISÃO LATERAL;1,0;1,0;0,0;0,0;0,0;0,0;0,0;0,0;0,0;1,0;0,0;;;;;;;;;;;;;
202410148,0;2024-04-21;12:13:00;COM VÍTIMA;FINALIZADA;CAXANGA;RUA CARATINGA;833;;E/F A ESTAÇAO DO ZUMBI;CAXANGA;;;COLISÃO TRASEIRA;1,0;1,0;0,0;0,0;0,0;0,0;0,0;0,0;0,0;1,0;0,0;;;;;;;;;;;;;
202410153,0;2024-04-21;01:34:00;COM VÍTIMA;FINALIZADA;IMBIRIBEIRA;AV MARECHAL MASCARENHAS DE MORAES;;;DENTRO AEROPORTO NO ESTACIONAMENTO A5;IMBIRIBEIRA;;;ATROPELAMENTO DE PESSOA;4,0;0,0;0,0;0,0;1,0;0,0;0,0;0,0;0,0;1,0;0,0;;;;;;;;;;;;;
202410158,0;2024-04-21;02:58:00;COM VÍTIMA;FINALIZADA;IMBIRIBEIRA;AV MARECHAL MASCARENHAS DE MORAES;1511;;ACIDENTE ENTRE AUTO E MOTOCICLETA;IMBIRIBEIRA;;;COLISÃO;1,0;1,0;0,0;0,0;0,0;0,0;0,0;0,0;0,0;1,0;0,0;;;;;;;;;;;;;
202410175,0;2024-04-21;07:45:00;COM VÍTIMA;FINALIZADA;MADALENA;AV VISCONDE DE ALBUQUERQUE;;RUA BENFICA;PROX AO BOMPREÇO;MADALENA;51,0;;COLISÃO;0,0;2,0;0,0;0,0;0,0;0,0;0,0;0,0;0,0;1,0;0,0;;;;;;;;;;;;;
202410179,0;2024-04-21;09:47:00;COM VÍTIMA;FINALIZADA;IMBIRIBEIRA;RUA GUARARAPES - INFRAERO;;;EDF. GARAGEM DO AEROPORTO;IMBIRIBEIRA;;;COLISÃO;1,0;1,0;0,0;0,0;0,0;0,0;0,0;0,0;0,0;1,0;0,0;;;;;;;;;;;;;
202410210,0;2024-04-22;08:05:00;COM VÍTIMA;FINALIZADA;AFOGADOS;RUA JOSE MIRANDA;2B;;PROX. AO COLEGIO ARCA DE NOE;AFOGADOS;;;COLISÃO LATERAL;1,0;1,0;0,0;0,0;0,0;0,0;0,0;0,0;0,0;1,0;0,0;;;;;;;;;;;;;
202410218,0;2024-04-22;08:32:00;COM VÍTIMA;FINALIZADA;BOA VIAGEM;RUA BRUNO VELOSO;;;ESQUINA DA ACADEMIA SELFIT;BOA VIAGEM;;;COLISÃO FRONTAL;1,0;1,0;0,0;0,0;0,0;0,0;0,0;0,0;0,0;2,0;0,0;;;;;;;;;;;;;
202410223,0;2024-04-22;09:00:00;COM VÍTIMA;FINALIZADA;IMBIRIBEIRA;RUA ARQUITETO LUIZ NUNES;;RUA MIS JOEL CARLSON;;IMBIRIBEIRA;;;ATROPELAMENTO DE PESSOA;1,0;0,0;0,0;0,0;1,0;0,0;0,0;0,0;0,0;1,0;0,0;;;;;;;;;;;;;
202410234,0;2024-04-22;10:16:00;COM VÍTIMA;DUPLICIDADE;TAMARINEIRA;RUA CONEGO BARATA;;;PRÓXIMO AO CRUZAMENTO COM A AVENIDA NORTE;TAMARINEIRA;;;COLISÃO LATERAL;0,0;0,0;0,0;0,0;0,0;0,0;0,0;0,0;0,0;1,0;0,0;;;;;;;;;;;;;
202410237,0;2024-04-22;10:27:00;COM VÍTIMA;FINALIZADA;TAMARINEIRA;RUA CONEGO BARATA;;;AO LADO DO RESTAURANTE AROMA E SABOR;TAMARINEIRA;;;COLISÃO TRASEIRA;1,0;1,0;0,0;0,0;0,0;0,0;0,0;0,0;0,0;1,0;0,0;;;;;;;;;;;;;
202410249,0;2024-04-22;12:49:00;COM VÍTIMA;FINALIZADA;AREIAS;AV TAPAJOS;;;PROX POSTO DE GASOLINA BR MANIA;AREIAS;;;COLISÃO TRASEIRA;0,0;2,0;0,0;0,0;0,0;0,0;0,0;0,0;0,0;1,0;0,0;;;;;;;;;;;;;
202410255,0;2024-04-22;02:08:00;COM VÍTIMA;FINALIZADA;BOA VISTA;AV GOVERNADOR AGAMENON MAGALHAES;;RUA HENRIQUE DIAS;SEMÁFORO 068;BOA VISTA;68,0;;COLISÃO LATERAL;1,0;1,0;0,0;0,0;0,0;0,0;0,0;0,0;0,0;1,0;0,0;;;;;;;;;;;;;
202410259,0;2024-04-22;02:40:00;COM VÍTIMA;FINALIZADA;IMBIRIBEIRA;AV MARECHAL MASCARENHAS DE MORAES;43;;E/F A LOJA TRATOR NORMAC;IMBIRIBEIRA;;;COLISÃO LATERAL;0,0;0,0;0,0;0,0;0,0;0,0;0,0;0,0;0,0;1,0;0,0;;;;;;;;;;;;;
202410263,0;2024-04-22;03:25:00;COM VÍTIMA;FINALIZADA;ESTANCIA;AV RECIFE;;;E/F AO ATACADAO    S/T BR;ESTANCIA;;;COLISÃO TRASEIRA;0,0;2,0;0,0;0,0;0,0;0,0;0,0;0,0;0,0;1,0;0,0;;;;;;;;;;;;;
202410269,0;2024-04-22;03:51:00;COM VÍTIMA;FINALIZADA;TAMARINEIRA;AV NORTE MIGUEL ARRAES DE ALENCAR;;;QUASE NO CRUZAMENTO DA AV NORTE COM A A CONEGO BARATA , PROX A FERREIRA COSTA, EM FRENTE AO NUMERO 3850;TAMARINEIRA;;;COLISÃO LATERAL;1,0;1,0;0,0;0,0;0,0;0,0;0,0;0,0;0,0;1,0;0,0;;;;;;;;;;;;;
202410299,0;2024-04-22;07:35:00;COM VÍTIMA;FINALIZADA;JORDAO;AV MARIA IRENE;;;BASE AEREA;JORDAO;;;COLISÃO FRONTAL;0,0;2,0;0,0;0,0;0,0;0,0;0,0;0,0;0,0;2,0;0,0;;;;;;;;;;;;;
202410306,0;2024-04-22;08:59:00;COM VÍTIMA;FINALIZADA;ENGENHO DO MEIO;RUA ANTONIO CURADO;;;ENTRADA DO PRESIDIO BOM PASTOR;ENGENHO DO MEIO;;;COLISÃO TRASEIRA;1,0;1,0;0,0;0,0;0,0;0,0;0,0;0,0;0,0;1,0;0,0;;;;;;;;;;;;;
202410307,0;2024-04-22;09:01:00;COM VÍTIMA;CANCELADA;PINA;AVENIDA CELSO FURTADO (VIA MANGUE);;RUA TOME GIBSON;;PINA;;CID;COLISÃO;2,0;0,0;0,0;0,0;0,0;0,0;0,0;0,0;0,0;1,0;0,0;;;;;;;;;;;;;
202410318,0;2024-04-23;06:13:00;SEM VÍTIMA;FINALIZADA;;RUA SAO MIGUEL;1331;;EM FRENTE A CESAR MOTOS;;;SUBURBIO;CAPOTAMENTO;1,0;0,0;0,0;0,0;0,0;0,0;0,0;0,0;0,0;0,0;0,0;;;;;;;;;;;;;
202410339,0;2024-04-23;07:27:00;COM VÍTIMA;FINALIZADA;BONGI;EST DO BONGI;;;EM FRENTE A PADARIA SANTA JOANA / PROX AO POSTO DE GASOLINA TOTAL;BONGI;;;COLISÃO;0,0;1,0;0,0;0,0;0,0;0,0;0,0;0,0;0,0;1,0;0,0;;;;;;;;;;;;;
202410340,0;2024-04-23;07:33:00;SEM VÍTIMA;FINALIZADA;MADALENA;RUA JOAO IVO DA SILVA;246;;EM FRENTE AO CENTRO COMERCIAL NOBRE DE LARCEDA;MADALENA;;;COLISÃO TRANSVERSAL;2,0;1,0;0,0;0,0;0,0;0,0;0,0;0,0;0,0;0,0;0,0;;;;;;;;;;;;;
202410359,0;2024-04-23;10:00:00;COM VÍTIMA;FINALIZADA;ARRUDA;AV PROFESSOR JOSE DOS ANJOS;;;PROX AO CAMPO DO ARRUDA SENTIDO OLINDA;ARRUDA;;;COLISÃO;0,0;1,0;0,0;0,0;0,0;0,0;0,0;0,0;0,0;1,0;0,0;;;;;;;;;;;;;
202410366,0;2024-04-23;10:55:00;SEM VÍTIMA;FINALIZADA;BOA VIAGEM;AV BOA VIAGEM;2724;;;BOA VIAGEM;;CIDADE;COLISÃO TRASEIRA;3,0;0,0;0,0;0,0;0,0;0,0;0,0;0,0;0,0;0,0;0,0;;;;;;;;;;;;;
202410368,0;2024-04-23;11:00:00;COM VÍTIMA;FINALIZADA;ESPINHEIRO;RUA BUENOS AYRES;;RUA DA HORA;PROX A CLINICA ATOS , NAS PROXIMIDADES DO NUMERO 772;ESPINHEIRO;;;COLISÃO;2,0;0,0;0,0;0,0;0,0;0,0;0,0;0,0;0,0;1,0;0,0;;;;;;;;;;;;;
202410375,0;2024-04-23;12:12:00;COM VÍTIMA;FINALIZADA;IPSEP;RUA SAO NICOLAU;;;NA BEIRA CANAL AO LADO DA FARMACIA  BOM CONSELHO;IPSEP;;;COLISÃO;0,0;1,0;0,0;0,0;0,0;0,0;0,0;0,0;0,0;1,0;0,0;;;;;;;;;;;;;
202410383,0;2024-04-23;01:08:00;COM VÍTIMA;FINALIZADA;AFOGADOS;RUA NICOLAU PEREIRA;;;EM BAIXO DO VIADUTO DA ESTAÇÃO AFOGADOS;AFOGADOS;;;ATROPELAMENTO DE PESSOA;1,0;0,0;0,0;0,0;1,0;0,0;0,0;0,0;0,0;1,0;0,0;;;;;;;;;;;;;
202410386,0;2024-04-23;02:05:00;COM VÍTIMA;FINALIZADA;MADALENA;AV BEIRA RIO;4226;;PROX A PONTE DA CAPUNGA  EO CLUBE INTERNACIONAL;MADALENA;;;COLISÃO LATERAL;0,0;0,0;0,0;0,0;0,0;0,0;0,0;0,0;0,0;1,0;0,0;;;;;;;;;;;;;
202410396,0;2024-04-23;03:08:00;COM VÍTIMA;FINALIZADA;CAXANGA;AV CAXANGA;10529;;E/F AO MERCADO SOBERANO;CAXANGA;;;COLISÃO LATERAL;0,0;0,0;0,0;0,0;0,0;0,0;0,0;0,0;0,0;1,0;0,0;;;;;;;;;;;;;
202410410,0;2024-04-23;05:37:00;SEM VÍTIMA;FINALIZADA;MADALENA;RUA DR JOAO COIMBRA;;RUA ERNANI BRAGA;;MADALENA;;;COLISÃO TRASEIRA;0,0;0,0;0,0;0,0;0,0;0,0;0,0;0,0;0,0;0,0;0,0;;;;;;;;;;;;;
202410412,0;2024-04-23;05:48:00;COM VÍTIMA;FINALIZADA;JARDIM SAO PAULO;RUA NOSSA SENHORA DE FATIMA;1976;;PROX A PRAÇA DE JARDIM SAO PAULO;JARDIM SAO PAULO;;;COLISÃO LATERAL;0,0;0,0;0,0;0,0;0,0;0,0;0,0;0,0;0,0;1,0;0,0;;;;;;;;;;;;;
202410418,0;2024-04-23;06:57:00;COM VÍTIMA;FINALIZADA;ENCRUZILHADA;AV BEBERIBE;;RUA OLIMPIO DE ARROUXELAS GALVAO;PROX AUTO ESCOLA BELEM;ENCRUZILHADA;;;COLISÃO LATERAL;1,0;1,0;0,0;0,0;0,0;0,0;0,0;0,0;0,0;1,0;0,0;;;;;;;;;;;;;
202410419,0;2024-04-23;07:12:00;SEM VÍTIMA;FINALIZADA;BOA VIAGEM;RUA VISCONDE DE JEQUITINHONHA;;AV ARMINDO MOURA;;BOA VIAGEM;;;COLISÃO;2,0;0,0;0,0;0,0;0,0;0,0;0,0;0,0;0,0;0,0;0,0;;;;;;;;;;;;;
202410424,0;2024-04-23;07:27:00;COM VÍTIMA;FINALIZADA;TORRE;RUA CONDE DE IRAJA;;RUA REAL DA TORRE;PROX AO MERCADO RECIBOM;TORRE;;;COLISÃO;0,0;1,0;0,0;0,0;0,0;1,0;0,0;0,0;0,0;1,0;0,0;;;;;;;;;;;;;
202410431,0;2024-04-23;09:32:00;COM VÍTIMA;FINALIZADA;TORRE;RUA CONDE DE IRAJA;;RUA REAL DA TORRE;PROX AO MERCADO RECIBOM;TORRE;;;COLISÃO;1,0;1,0;0,0;0,0;0,0;0,0;0,0;0,0;0,0;3,0;0,0;;;;;;;;;;;;;
202410432,0;2024-04-23;10:12:00;COM VÍTIMA;FINALIZADA;IPSEP;AV RECIFE;;;PROX AO POSTO BR, SENTIDO BOA VIAGEM;IPSEP;;;COLISÃO;3,0;0,0;0,0;0,0;0,0;0,0;0,0;0,0;0,0;1,0;0,0;;;;;;;;;;;;;
202410433,0;2024-04-23;11:24:00;COM VÍTIMA;FINALIZADA;SANTO AMARO;AV CRUZ CABUGA;;;EM FRENTE AO MERCADO PUBLICO DE SANTO AMARO.;SANTO AMARO;;;COLISÃO;1,0;1,0;0,0;0,0;0,0;0,0;0,0;0,0;0,0;1,0;0,0;;;;;;;;;;;;;
202410438,0;2024-04-24;05:16:00;COM VÍTIMA;FINALIZADA;PAISSANDU;AV GOVERNADOR AGAMENON MAGALHAES;;;HOSPITAL PORTUGUES;PAISSANDU;69,0;SUBURBIO;COLISÃO;1,0;1,0;0,0;0,0;0,0;0,0;0,0;0,0;0,0;1,0;0,0;;;;;;;;;;;;;
202410446,0;2024-04-24;06:39:00;COM VÍTIMA;FINALIZADA;IPSEP;AV RECIFE;3030;;PROX. AO POSTO FEDERAL SENT. BOA VIAGEM;IPSEP;;;COLISÃO COM CICLISTA;2,0;0,0;0,0;1,0;0,0;1,0;0,0;0,0;0,0;1,0;0,0;;;;;;;;;;;;;
202410485,0;2024-04-24;09:03:00;COM VÍTIMA;FINALIZADA;CASA AMARELA;AV NORTE MIGUEL ARRAES DE ALENCAR;5359;;EM FRENTE A AUTO ESCOLA  VIA NORTE;CASA AMARELA;;;COLISÃO LATERAL;0,0;1,0;0,0;0,0;0,0;1,0;0,0;0,0;0,0;1,0;0,0;;;;;;;;;;;;;
202410493,0;2024-04-24;09:22:00;COM VÍTIMA;FINALIZADA;PRADO;RUA CARLOS GOMES;;RUA MANOEL DE ARRUDA CAMARA;;PRADO;;;COLISÃO;1,0;1,0;0,0;0,0;0,0;0,0;0,0;0,0;0,0;1,0;0,0;;;;;;;;;;;;;
202410499,0;2024-04-24;10:07:00;COM VÍTIMA;FINALIZADA;ILHA JOANA BEZERRA;AV BEIRA RIO;;;PRÓXIMO A ACADEMIA DA CIDADE;ILHA JOANA BEZERRA;;;COLISÃO LATERAL;0,0;1,0;0,0;0,0;0,0;0,0;1,0;0,0;0,0;1,0;0,0;;;;;;;;;;;;;
202410504,0;2024-04-24;10:47:00;COM VÍTIMA;FINALIZADA;AFOGADOS;AV SUL;;PTE DO MOTOCOLOMBO;TROCÃO;AFOGADOS;;;QUEDA;0,0;0,0;0,0;0,0;0,0;0,0;0,0;0,0;0,0;1,0;0,0;;;;;;;;;;;;;
202410505,0;2024-04-24;10:45:00;COM VÍTIMA;FINALIZADA;BEBERIBE;AV BEBERIBE;4172;;LADO OPOSTO AO 4131, EM FRENTE AO POSTO SHELL, SENTIDO PRAÇA DA CONVENÇÃO.;BEBERIBE;;;COLISÃO LATERAL;1,0;1,0;0,0;0,0;0,0;0,0;0,0;0,0;0,0;1,0;0,0;;;;;;;;;;;;;
202410507,0;2024-04-24;10:48:00;COM VÍTIMA;FINALIZADA;DERBY;AV GOVERNADOR AGAMENON MAGALHAES;;AV RUI BARBOSA;ESQUINA;DERBY;;;;0,0;0,0;0,0;0,0;0,0;0,0;0,0;0,0;0,0;1,0;0,0;;;;;;;;;;;;;