Protocolo;data;hora;natureza;situacao;bairro;endereco;numero;detalhe_endereco_acidente;complemento;bairro_cruzamento;num_semaforo;sentido_via;tipo;auto;moto;ciclom;ciclista;pedestre;onibus;caminhao;viatura;outros;vitimas;vitimasfatais;acidente_verificado;tempo_clima;situacao_semaforo;sinalizacao;condicao_via;conservacao_via;ponto_controle;situacao_placa;velocidade_max_via;mao_direcao;divisao_via1;divisao_via2;divisao_via3
202412354,0;2024-05-12;02:31:00;COM VÍTIMA;FINALIZADA;PORTO DA MADEIRA;RUA CAPITAO SALGUEIRO;263;;AO LADO DO POSTO DE SAUDE PASCOAL SIVINI;PORTO DA MADEIRA;;;COLISÃO;0,0;1,0;0,0;0,0;0,0;0,0;0,0;0,0;0,0;1,0;0,0;;;;;;;;;;;;;
202412365,0;2024-05-12;04:33:00;COM VÍTIMA;FINALIZADA;BEBERIBE;AV BEBERIBE;;;EM FRENTE AO REI DO ARRUMADINHO E PROXIMO A PIZZARIA DO GORDO;BEBERIBE;;;COLISÃO;0,0;1,0;0,0;0,0;0,0;0,0;0,0;0,0;0,0;1,0;0,0;;;;;;;;;;;;;
202412377,0;2024-05-12;07:11:00;SEM VÍTIMA;FINALIZADA;NOVA DESCOBERTA;AV CHAGAS FERREIRA;25;;ARMAZEM LAGES;NOVA DESCOBERTA;;;COLISÃO;2,0;0,0;0,0;0,0;0,0;0,0;0,0;0,0;0,0;0,0;0,0;;;;;;;;;;;;;
202412381,0;2024-05-12;10:52:00;COM VÍTIMA;FINALIZADA;AFOGADOS;RUA DA PAZ;;RUA NICOLAU PEREIRA;PRÓXIMO AO LARGO DA PAZ E CEF AFOGADOS;AFOGADOS;73,0;;COLISÃO TRANSVERSAL;1,0;1,0;0,0;0,0;0,0;0,0;0,0;0,0;0,0;2,0;0,0;;;;;;;;;;;;;
202412382,0;2024-05-12;11:08:00;COM VÍTIMA;FINALIZADA;IBURA;AV PERNAMBUCO;126;;PRÓXIMO À ACADEMIA SUPERAÇÃO - APÓS A LADEIRA DA COHAB, VIRAR À DIREITA;IBURA;;;COLISÃO LATERAL;1,0;1,0;0,0;0,0;0,0;0,0;0,0;0,0;0,0;2,0;0,0;;;;;;;;;;;;;
202412403,0;2024-05-13;07:00:00;COM VÍTIMA;FINALIZADA;PAISSANDU;RUA EPAMINONDAS DE MELO;;;APOS O RESTAURANTE COCO BAMBU / AO LADO DO BRADESCO PRIME;PAISSANDU;;;COLISÃO;0,0;1,0;0,0;0,0;0,0;0,0;0,0;0,0;0,0;1,0;0,0;;;;;;;;;;;;;
202412404,0;2024-05-13;07:05:00;SEM VÍTIMA;FINALIZADA;GRACAS;RUA DO FUTURO;;AV DR MALAQUIAS;SOB O SEMÁFORO 215;GRACAS;215,0;CIDADE;COLISÃO LATERAL;2,0;0,0;0,0;0,0;0,0;0,0;0,0;0,0;0,0;0,0;0,0;;;;;;;;;;;;;
202412413,0;2024-05-13;07:45:00;COM VÍTIMA;FINALIZADA;PRADO;AV ENGENHEIRO ABDIAS DE CARVALHO;1542;;APÓS CHESF, SENTIDO CENTRO DO RECIFE / PROX AO RESTAURANTE  YOKI;PRADO;;;COLISÃO;0,0;1,0;0,0;0,0;0,0;0,0;0,0;0,0;0,0;1,0;0,0;;;;;;;;;;;;;
202412415,0;2024-05-13;08:03:00;COM VÍTIMA;FINALIZADA;IMBIRIBEIRA;AV MARECHAL MASCARENHAS DE MORAES;25;;EM FRENTE A FERREIRA COSTA, SENTIDO AFOGADOS;IMBIRIBEIRA;;;COLISÃO;0,0;1,0;0,0;0,0;0,0;0,0;0,0;0,0;0,0;1,0;0,0;;;;;;;;;;;;;
202412417,0;2024-05-13;08:16:00;COM VÍTIMA;FINALIZADA;AFOGADOS;EST DOS REMEDIOS;1388;AV ENGENHEIRO ABDIAS DE CARVALHO;EM FRENTE AO RECIFE VEICULOS;AFOGADOS;;;COLISÃO;0,0;1,0;0,0;0,0;0,0;0,0;0,0;0,0;0,0;1,0;0,0;;;;;;;;;;;;;
202412418,0;2024-05-13;08:22:00;COM VÍTIMA;FINALIZADA;AFOGADOS;AV DR JOSE RUFINO;;;EM FRENTE AO BATALHÃO DIOGO CAMARAO, SENT. JABOATÃO;AFOGADOS;;;COLISÃO LATERAL;1,0;1,0;0,0;0,0;0,0;0,0;0,0;0,0;0,0;1,0;0,0;;;;;;;;;;;;;
202412419,0;2024-05-13;08:26:00;COM VÍTIMA;FINALIZADA;TORRE;RUA JOSE DE HOLANDA;;;AO LADO DA PRAÇA DA TORRE, SENT. IPUTINGA;TORRE;;;COLISÃO LATERAL;0,0;1,0;0,0;0,0;0,0;0,0;0,0;0,0;0,0;1,0;0,0;;;;;;;;;;;;;
202412420,0;2024-05-13;08:26:00;COM VÍTIMA;FINALIZADA;AFOGADOS;EST DOS REMEDIOS;921;;ANTES DO MERCADO PUBLICO DE AFOGADOS ,  AO LADO DO MURO DA EMPRESA ASA;AFOGADOS;;;COLISÃO;0,0;1,0;0,0;0,0;0,0;0,0;0,0;0,0;0,0;1,0;0,0;;;;;;;;;;;;;
202412427,0;2024-05-13;09:11:00;SEM VÍTIMA;FINALIZADA;BOA VISTA;RUA DO HOSPICIO;416;;EM FRENTE AO Nº 413;BOA VISTA;;;COLISÃO LATERAL;2,0;0,0;0,0;0,0;0,0;0,0;0,0;0,0;0,0;0,0;0,0;;;;;;;;;;;;;
202412429,0;2024-05-13;09:28:00;COM VÍTIMA;FINALIZADA;GRACAS;RUA DAS GRACAS;262;;PROX A CAFETERIA SANTA CLARA;GRACAS;;;COLISÃO;0,0;1,0;0,0;0,0;0,0;0,0;0,0;0,0;0,0;1,0;0,0;;;;;;;;;;;;;
202412430,0;2024-05-13;09:31:00;COM VÍTIMA;FINALIZADA;AFOGADOS;RUA VINTE E UM DE ABRIL;;;PROX AO RESTAURANTE  ARRETADO DE BOM / EM FRENTE A GALERIA AFOGADOS CENTER;AFOGADOS;;;COLISÃO LATERAL;1,0;1,0;0,0;0,0;0,0;0,0;0,0;0,0;0,0;1,0;0,0;;;;;;;;;;;;;
202412437,0;2024-05-13;10:07:00;COM VÍTIMA;FINALIZADA;CORDEIRO;RUA DIANOPOLIS;;;RUA DO GOE ( EM FRENTE AO POSTO PETROCAL  / PROX AO MARTELINHO  DE OURO );CORDEIRO;;;COLISÃO TRANSVERSAL;1,0;0,0;0,0;1,0;0,0;0,0;0,0;0,0;0,0;1,0;0,0;;;;;;;;;;;;;
202412440,0;2024-05-13;10:19:00;SEM VÍTIMA;FINALIZADA;CORDEIRO;RUA CARANDAI;15;;PRÓXIMO AO MERCADINHO SÃO JOSÉ;CORDEIRO;;SUBURBIO;COLISÃO LATERAL;1,0;0,0;0,0;0,0;0,0;0,0;0,0;1,0;0,0;0,0;0,0;;;;;;;;;;;;;
202412447,0;2024-05-13;11:20:00;COM VÍTIMA;FINALIZADA;CORDEIRO;AV GENERAL SAN MARTIN;;RUA GOMES TABORDA;EM FRENTE AO SUPERMERCADO IDEAL MIX / EM FRENTE TAMBÉM FARMACIA DROGASIL;CORDEIRO;;;COLISÃO LATERAL;1,0;1,0;0,0;0,0;0,0;0,0;0,0;0,0;0,0;1,0;0,0;;;;;;;;;;;;;
202412450,0;2024-05-13;12:04:00;COM VÍTIMA;FINALIZADA;BOA VISTA;RUA MONTE CASTELO;;;ANTEZS DA CAMERA MUNICIPAL EM FRENTE AO NUMERO 155 PROX A ESCOLA DE FORMAÇÃO DE QUILOMBO  DOS PALMARES;BOA VISTA;;;COLISÃO;0,0;1,0;0,0;0,0;0,0;0,0;0,0;0,0;0,0;1,0;0,0;;;;;;;;;;;;;
202412452,0;2024-05-13;12:12:00;COM VÍTIMA;DUPLICIDADE;SANTO AMARO;RUA MONTE CASTELO;;AV JOAO DE BARROS;PROXIMO AO ANEXO DA CAMARA DOS VEREADORE;SANTO AMARO;;;COLISÃO;1,0;0,0;0,0;0,0;1,0;0,0;0,0;0,0;0,0;1,0;0,0;;;;;;;;;;;;;
202412456,0;2024-05-13;01:31:00;COM VÍTIMA;FINALIZADA;IBURA;AV DOIS RIOS;295;;PROX AO NUCLEO POLICIAL - IBURA DE BAIXO;IBURA;;;COLISÃO;1,0;1,0;0,0;0,0;0,0;0,0;0,0;0,0;0,0;1,0;0,0;;;;;;;;;;;;;
202412490,0;2024-05-13;10:24:00;COM VÍTIMA;FINALIZADA;BEBERIBE;PRC DA CONVENCAO;;;PROX AO MERCARDO TEM;BEBERIBE;;;COLISÃO;0,0;1,0;0,0;0,0;0,0;1,0;0,0;0,0;0,0;1,0;0,0;;;;;;;;;;;;;
202412503,0;2024-05-14;06:24:00;COM VÍTIMA;FINALIZADA;BONGI;EST DO BONGI;;;EM FRENTE AO MIX MATEUS;BONGI;;;COLISÃO LATERAL;1,0;1,0;0,0;0,0;0,0;0,0;0,0;0,0;0,0;2,0;0,0;;;;;;;;;;;;;
202412505,0;2024-05-14;06:42:00;COM VÍTIMA;FINALIZADA;BOA VIAGEM;AV CONSELHEIRO AGUIAR;;AV ANTONIO DE GOES;EM FRENTE A PERNAMBUCO MOTOS;BOA VIAGEM;;;COLISÃO LATERAL;2,0;0,0;0,0;0,0;0,0;0,0;0,0;0,0;0,0;1,0;0,0;;;;;;;;;;;;;
202412516,0;2024-05-14;07:21:00;COM VÍTIMA;FINALIZADA;SANTO AMARO;RUA DA SAUDADE;;RUA JOAO LIRA;PROX SEMAFORO 308;SANTO AMARO;;;COLISÃO;1,0;0,0;0,0;1,0;0,0;0,0;0,0;0,0;0,0;1,0;0,0;;;;;;;;;;;;;
202412520,0;2024-05-14;07:33:00;COM VÍTIMA;FINALIZADA;ENGENHO DO MEIO;RUA ANTONIO CURADO;298;;PROX A ENTRADA DA IGREJA DO BOM PASTOR / EM  FRENTE A CLINICA BEM TE VIVA ODONTO;ENGENHO DO MEIO;;;COLISÃO FRONTAL;1,0;1,0;0,0;0,0;0,0;0,0;0,0;0,0;0,0;1,0;0,0;;;;;;;;;;;;;
202412530,0;2024-05-14;08:10:00;COM VÍTIMA;FINALIZADA;SANTO ANTONIO;PTE PRINCESA IZABEL;63;;PRÓX. AO PALÁCIO DO GOVERNO, PRÓX A SECRETARIA DA FAZENDA, PRÓX AO TEATRO SANTA ISABEL;SANTO ANTONIO;;;COLISÃO;0,0;1,0;0,0;0,0;0,0;0,0;0,0;0,0;0,0;1,0;0,0;;;;;;;;;;;;;
202412537,0;2024-05-14;08:53:00;COM VÍTIMA;FINALIZADA;IBURA;RUA DR PEDRO MOSCOSO;70;;LAGOA ENCANTADA  /  PROX AO COLÉGIO LAGOA ENCANTADA  ,  PROX A LADEIRA;IBURA;;;COLISÃO;0,0;1,0;0,0;0,0;0,0;0,0;0,0;0,0;0,0;1,0;0,0;;;;;;;;;;;;;
202412538,0;2024-05-14;08:54:00;COM VÍTIMA;FINALIZADA;SANTO AMARO;AV NORTE MIGUEL ARRAES DE ALENCAR;589;;TRECHO ENTRE A SAÍDA DA RUA TREZE DE MAIO E AV AGAMENOM MAGALHÃES/ EM FRENTE AO CENTRO DA JUVENTUDE;SANTO AMARO;397,0;;COLISÃO;1,0;1,0;0,0;0,0;0,0;0,0;0,0;0,0;0,0;1,0;0,0;;;;;;;;;;;;;
202412542,0;2024-05-14;09:31:00;COM VÍTIMA;FINALIZADA;PRADO;RUA GOMES TABORDA;120;;EM FRENTE A MPM ALUGUEL DE AR;PRADO;;;COLISÃO LATERAL;1,0;1,0;0,0;0,0;0,0;0,0;0,0;0,0;0,0;1,0;0,0;;;;;;;;;;;;;
202412548,0;2024-05-14;10:25:00;COM VÍTIMA;FINALIZADA;BOA VIAGEM;RUA DOS NAVEGANTES;2546;;EM FRENTE AO RESTAURANTE GIRO;BOA VIAGEM;;;COLISÃO;0,0;1,0;0,0;0,0;0,0;0,0;0,0;0,0;0,0;1,0;0,0;;;;;;;;;;;;;
202412578,0;2024-05-14;01:11:00;COM VÍTIMA;FINALIZADA;BOA VIAGEM;AV BOA VIAGEM;5740;;PROXIMO AO EDF. MANOEL DE  BRITO, SENTIDO PARQUE DONA LINDU;BOA VIAGEM;;;COLISÃO;1,0;1,0;0,0;0,0;0,0;0,0;0,0;0,0;0,0;1,0;0,0;;;;;;;;;;;;;
202412581,0;2024-05-14;01:23:00;COM VÍTIMA;FINALIZADA;MACAXEIRA;AV NORTE MIGUEL ARRAES DE ALENCAR;;;NO RETORNO DO PARQU E DA MACAXEIRA / POR BAIXO DO VIADUTO;MACAXEIRA;;;COLISÃO;0,0;1,0;0,0;0,0;0,0;0,0;0,0;0,0;0,0;1,0;0,0;;;;;;;;;;;;;
202412585,0;2024-05-14;01:49:00;COM VÍTIMA;DUPLICIDADE;BOA VIAGEM;AV BOA VIAGEM;5710;;AO LADO DO POSTO 46 DA ORLA;BOA VIAGEM;;;COLISÃO LATERAL;1,0;1,0;0,0;0,0;0,0;0,0;0,0;0,0;0,0;1,0;0,0;;;;;;;;;;;;;
202412592,0;2024-05-14;03:04:00;COM VÍTIMA;FINALIZADA;MADALENA;AV VISCONDE DE ALBUQUERQUE;;;PROX AO BAR A MADALENA // AO LADO DA GALERIA MADALENA CENTER;MADALENA;;;COLISÃO;0,0;1,0;0,0;0,0;0,0;0,0;0,0;0,0;0,0;1,0;0,0;;;;;;;;;;;;;
202412619,0;2024-05-14;05:52:00;SEM VÍTIMA;FINALIZADA;;RUA BENFICA;140;;EM FRENTE AO Nº 140;;;CIDADE;COLISÃO LATERAL;1,0;0,0;0,0;0,0;0,0;1,0;0,0;0,0;0,0;0,0;0,0;;;;;;;;;;;;;
202412620,0;2024-05-14;05:59:00;COM VÍTIMA;FINALIZADA;DERBY;RUA FELICIANO GOMES;342;;EM FRENTE AO LABORATORIO CERPE;DERBY;;;COLISÃO;0,0;1,0;0,0;0,0;0,0;0,0;0,0;0,0;0,0;1,0;0,0;;;;;;;;;;;;;
202412644,0;2024-05-15;06:28:00;COM VÍTIMA;FINALIZADA;TORROES;AV ENGENHEIRO ABDIAS DE CARVALHO;;;APÓS A UPA - SENTIDO BR232;TORROES;271,0;;COLISÃO TRASEIRA;1,0;1,0;0,0;0,0;0,0;0,0;0,0;0,0;0,0;1,0;0,0;;;;;;;;;;;;;
202412673,0;2024-05-15;08:36:00;COM VÍTIMA;FINALIZADA;ALTO JOSE BONIFACIO;RUA DOMINGOS SAVIO;;;NO INICIO DA RUA NA RODINHA;ALTO JOSE BONIFACIO;;;COLISÃO TRASEIRA;1,0;1,0;0,0;0,0;0,0;0,0;0,0;0,0;0,0;1,0;0,0;;;;;;;;;;;;;
202412674,0;2024-05-15;08:37:00;COM VÍTIMA;FINALIZADA;DOIS IRMAOS;RUA MANUEL DE MEDEIROS;;;APOS O BAR DA CURVA;DOIS IRMAOS;;;COLISÃO TRASEIRA;1,0;1,0;0,0;0,0;0,0;0,0;0,0;0,0;0,0;1,0;0,0;;;;;;;;;;;;;
202412676,0;2024-05-15;09:02:00;COM VÍTIMA;FINALIZADA;SAO JOSE;RUA SANTA RITA;129;;PRÓX AO NOVO HOTEL  //  PRÓX AO CAIS DE SANTA RITA // PRÓX  AS TORRES GÊMEAS;SAO JOSE;;;COLISÃO;0,0;1,0;0,0;0,0;0,0;0,0;0,0;0,0;0,0;1,0;0,0;;;;;;;;;;;;;
202412680,0;2024-05-15;09:08:00;COM VÍTIMA;FINALIZADA;MACAXEIRA;RUA MARIA AMALIA;;;PROX AO CAMPO DA UNIÃO;MACAXEIRA;;;COLISÃO LATERAL;0,0;1,0;0,0;0,0;0,0;0,0;0,0;0,0;0,0;1,0;0,0;;;;;;;;;;;;;
202412685,0;2024-05-15;10:12:00;COM VÍTIMA;FINALIZADA;SAO JOSE;RUA FLORIANO PEIXOTO;2503;;EM FRENTE A ESTAÇÃO CENTRAL DO RECIFE;SAO JOSE;;;COLISÃO;1,0;1,0;0,0;0,0;0,0;0,0;0,0;0,0;0,0;1,0;0,0;;;;;;;;;;;;;
202412702,0;2024-05-15;12:23:00;COM VÍTIMA;FINALIZADA;BOA VIAGEM;AV ARMINDO MOURA;S/N;;EMBAIXO DO VIADUTO DO VIA MANGUE;BOA VIAGEM;;;COLISÃO;0,0;1,0;0,0;0,0;0,0;0,0;0,0;0,0;0,0;1,0;0,0;;;;;;;;;;;;;
202412706,0;2024-05-15;01:35:00;SEM VÍTIMA;FINALIZADA;ESPINHEIRO;RUA DO ESPINHEIRO;;;EM FRENTE AO MUNDO DO CABELELEIRO;ESPINHEIRO;;;COLISÃO LATERAL;2,0;0,0;0,0;0,0;0,0;0,0;0,0;0,0;0,0;0,0;0,0;;;;;;;;;;;;;
202412707,0;2024-05-15;01:43:00;COM VÍTIMA;FINALIZADA;MADALENA;RUA BENFICA;451;;PROXIMO AO BOMPREÇO BENFICA;MADALENA;;;COLISÃO;1,0;1,0;0,0;0,0;0,0;0,0;0,0;0,0;0,0;1,0;0,0;;;;;;;;;;;;;
202412719,0;2024-05-15;05:13:00;COM VÍTIMA;FINALIZADA;CASA AMARELA;AV NORTE MIGUEL ARRAES DE ALENCAR;;;EM FRENTE AO DESKONTÃO;CASA AMARELA;;;COLISÃO;1,0;0,0;0,0;0,0;0,0;0,0;0,0;0,0;0,0;1,0;0,0;;;;;;;;;;;;;
202412722,0;2024-05-15;05:59:00;COM VÍTIMA;FINALIZADA;DERBY;AV GOVERNADOR AGAMENON MAGALHAES;;;EM FRENTE A MAC DONALD;DERBY;;;COLISÃO;1,0;0,0;0,0;0,0;0,0;0,0;0,0;0,0;0,0;1,0;0,0;;;;;;;;;;;;;
202412723,0;2024-05-15;06:19:00;COM VÍTIMA;FINALIZADA;MADALENA;RUA REAL DA TORRE;;RUA JOSE OSORIO;PROX AOS RELOGIOS INSTALADOS PELA PREFERITURA, PROX AO POSTO PETROBRAS;MADALENA;;;ATROPELAMENTO DE PESSOA;1,0;0,0;0,0;0,0;2,0;0,0;0,0;0,0;0,0;1,0;0,0;;;;;;;;;;;;;
202412725,0;2024-05-15;06:26:00;COM VÍTIMA;FINALIZADA;BOA VIAGEM;AV ENGENHEIRO DOMINGOS FERREIRA;1450;;EM FRENTE A BENETTI INTERIORES;BOA VIAGEM;;;COLISÃO TRASEIRA;2,0;1,0;0,0;0,0;0,0;0,0;0,0;0,0;0,0;1,0;0,0;;;;;;;;;;;;;
202412726,0;2024-05-15;06:31:00;SEM VÍTIMA;FINALIZADA;BOA VIAGEM;AV MARECHAL MASCARENHAS DE MORAES;;;EM FRENTE A ANAC;BOA VIAGEM;;SUBURBIO;COLISÃO LATERAL;1,0;0,0;0,0;0,0;0,0;0,0;0,0;1,0;0,0;0,0;0,0;;;;;;;;;;;;;
202412734,0;2024-05-15;10:44:00;COM VÍTIMA;FINALIZADA;AREIAS;AV RECIFE;;;EM FRENTE AO ATACADÃO;AREIAS;;;COLISÃO;1,0;1,0;0,0;0,0;0,0;0,0;0,0;0,0;0,0;1,0;0,0;;;;;;;;;;;;;
202412750,0;2024-05-16;07:02:00;COM VÍTIMA;FINALIZADA;GUABIRABA;EST DA MUMBECA;;;PROX. A BOLA NA REDE;GUABIRABA;;;COLISÃO LATERAL;0,0;1,0;0,0;0,0;0,0;0,0;0,0;0,0;0,0;1,0;0,0;;;;;;;;;;;;;
202412761,0;2024-05-16;08:26:00;COM VÍTIMA;FINALIZADA;ESTANCIA;AV DR JOSE RUFINO;535;;PRO A GALERIA MARGARIDA / PROX A IGREJA SANTA LUZIA SENTIDO CIDADE / SUBURBIO;ESTANCIA;;;COLISÃO LATERAL;1,0;1,0;0,0;0,0;0,0;0,0;0,0;0,0;0,0;1,0;0,0;;;;;;;;;;;;;
202412762,0;2024-05-16;08:35:00;COM VÍTIMA;FINALIZADA;PARNAMIRIM;RUA SEBASTIAO ALVES;144;;A FRENTE A DA ACADEMIA OC GIN;PARNAMIRIM;;;COLISÃO COM CICLISTA;1,0;0,0;0,0;1,0;0,0;0,0;0,0;0,0;0,0;1,0;0,0;;;;;;;;;;;;;
202412773,0;2024-05-16;09:58:00;COM VÍTIMA;FINALIZADA;AFOGADOS;EST DOS REMEDIOS;1228;;ANTES DA ENTRADA DO BONGI //  EM FRENTE A ELIAS AUTO PEÇAS;AFOGADOS;;;COLISÃO;0,0;1,0;0,0;0,0;0,0;0,0;0,0;0,0;0,0;1,0;0,0;;;;;;;;;;;;;
202412790,0;2024-05-16;11:35:00;COM VÍTIMA;FINALIZADA;IMBIRIBEIRA;AV MARECHAL MASCARENHAS DE MORAES;;;EM FRENTE A ITALIANA SENT. AEROPORTO;IMBIRIBEIRA;;;COLISÃO LATERAL;0,0;1,0;0,0;0,0;0,0;0,0;0,0;0,0;0,0;1,0;0,0;;;;;;;;;;;;;
202412792,0;2024-05-16;11:45:00;COM VÍTIMA;FINALIZADA;CIDADE UNIVERSITARIA;RUA EMILIANO BRAGA;;;POR TRAS DA INTEGRAÇÃO CDU;CIDADE UNIVERSITARIA;;;COLISÃO LATERAL;0,0;1,0;0,0;0,0;0,0;0,0;0,0;0,0;0,0;1,0;0,0;;;;;;;;;;;;;
202412793,0;2024-05-16;11:45:00;COM VÍTIMA;FINALIZADA;SAN MARTIN;RUA QUINZE DE MARCO;;;EM FRENTE A CHESF;SAN MARTIN;;;COLISÃO LATERAL;0,0;1,0;0,0;0,0;0,0;0,0;1,0;0,0;0,0;1,0;0,0;;;;;;;;;;;;;
202412801,0;2024-05-16;01:09:00;COM VÍTIMA;FINALIZADA;AFOGADOS;RUA COSME VIANA;250;;PROX AO MASTER BOI;AFOGADOS;;;COLISÃO LATERAL;2,0;1,0;0,0;0,0;0,0;0,0;0,0;0,0;0,0;1,0;0,0;;;;;;;;;;;;;
202412804,0;2024-05-16;01:51:00;COM VÍTIMA;FINALIZADA;CAXANGA;RUA RIBEIRO PESSOA;679;;SENTIDO DOIS IRMÃOS/ /  PROX A PONTE EM FRENTE A FABRICA  PINTO FORMOSO;CAXANGA;;;COLISÃO;0,0;1,0;0,0;0,0;0,0;0,0;0,0;0,0;0,0;1,0;0,0;;;;;;;;;;;;;
202412805,0;2024-05-16;01:55:00;COM VÍTIMA;FINALIZADA;JORDAO;AV MARIA IRENE;;;E/F A CAPELA SAO JOAO BATISTA;JORDAO;;;COLISÃO FRONTAL;1,0;3,0;0,0;0,0;0,0;0,0;0,0;0,0;0,0;2,0;0,0;;;;;;;;;;;;;
202412808,0;2024-05-16;02:27:00;COM VÍTIMA;FINALIZADA;CAXANGA;AV PROFESSOR MORAES REGO;;;AO LADO  DO TERMINAL DA CAXANGA, EM BAIXO DO VIADUTO DA CAXANGA;CAXANGA;;;ATROPELAMENTO DE PESSOA;0,0;0,0;0,0;0,0;1,0;0,0;1,0;0,0;0,0;1,0;0,0;;;;;;;;;;;;;
202412812,0;2024-05-16;04:05:00;COM VÍTIMA;FINALIZADA;DERBY;AV GOVERNADOR AGAMENON MAGALHAES;;;SENTIDO OLINDA /  NA PISTA LOCAL / PROXIMO AO COLEGIO AMERICANO BATISTA E A DROGASIL;DERBY;;;COLISÃO LATERAL;0,0;1,0;0,0;0,0;0,0;1,0;0,0;0,0;0,0;1,0;0,0;;;;;;;;;;;;;
202412835,0;2024-05-16;10:11:00;COM VÍTIMA;FINALIZADA;JORDAO;RUA RIO XINGU;;;COM A AV  DOIS RIOS;JORDAO;;;COLISÃO FRONTAL;1,0;1,0;0,0;0,0;0,0;0,0;0,0;0,0;0,0;1,0;0,0;;;;;;;;;;;;;
202412836,0;2024-05-16;10:33:00;COM VÍTIMA;CANCELADA;SAO JOSE;RUA IMPERIAL;1217;RUA BOM SUCESSO;PRÓXIMO AO PONTILHÃO  DO METRÔ;SAO JOSE;;;COLISÃO LATERAL;0,0;2,0;0,0;0,0;0,0;0,0;0,0;0,0;0,0;3,0;0,0;;;;;;;;;;;;;
202412865,0;2024-05-17;07:32:00;COM VÍTIMA;FINALIZADA;IMBIRIBEIRA;AV PRESIDENTE DUTRA;;;PROX. AO POSTO DE GASOLINA IPIRANGA E RESTAURANTE SAL E BRASA;IMBIRIBEIRA;;;COLISÃO LATERAL;0,0;1,0;0,0;0,0;0,0;0,0;0,0;0,0;0,0;1,0;0,0;;;;;;;;;;;;;
202412866,0;2024-05-17;07:34:00;COM VÍTIMA;FINALIZADA;SAN MARTIN;COR DO ABDIAS;;;APOS O POSTO DE GASOLINA SHELL, AO LADO DA CHESF PROX. AO NOVO ATACAREJO;SAN MARTIN;;;COLISÃO LATERAL;0,0;1,0;0,0;0,0;0,0;0,0;0,0;0,0;0,0;1,0;0,0;;;;;;;;;;;;;
202412867,0;2024-05-17;07:47:00;SEM VÍTIMA;DUPLICIDADE;SAN MARTIN;AV ENGENHEIRO ABDIAS DE CARVALHO;2990;;EM FRENTE A ESCOLA SONHO REAL;SAN MARTIN;;;COLISÃO TRASEIRA;0,0;1,0;0,0;0,0;0,0;0,0;0,0;1,0;0,0;0,0;0,0;;;;;;;;;;;;;
202412868,0;2024-05-17;07:52:00;COM VÍTIMA;FINALIZADA;MADALENA;RUA JOSE OSORIO;680;;EM FRENTE A LOJA DE CARRO TEXEIRA;MADALENA;;;COLISÃO FRONTAL;1,0;2,0;0,0;0,0;0,0;0,0;0,0;0,0;0,0;2,0;0,0;;;;;;;;;;;;;
202412869,0;2024-05-17;07:52:00;COM VÍTIMA;FINALIZADA;BOA VIAGEM;AV CONSELHEIRO AGUIAR;;;EM FRENTE AO POSTO POLICIAL //  PROX AO RESTAURANTE CONTEPORANEO;BOA VIAGEM;;;COLISÃO;0,0;1,0;0,0;0,0;0,0;0,0;0,0;0,0;0,0;1,0;0,0;;;;;;;;;;;;;
202412870,0;2024-05-17;07:53:00;COM VÍTIMA;FINALIZADA;PAISSANDU;RUA PAISSANDU;;;PROX. AO HOSPITAL SAO MARCOS E ESTACIONAMENTO DO HAP VIDA CAPIBARIBE;PAISSANDU;;;COLISÃO LATERAL;0,0;1,0;0,0;0,0;0,0;0,0;0,0;0,0;0,0;1,0;0,0;;;;;;;;;;;;;
202412871,0;2024-05-17;07:55:00;COM VÍTIMA;FINALIZADA;PINA;AVENIDA CELSO FURTADO (VIA MANGUE);202;;SENTIDO BOA VIAGEM,NAS MEDIAÇÕES DO NOVO CONDOMINIO DA  PREFEITURA;PINA;;;COLISÃO;0,0;1,0;0,0;0,0;0,0;0,0;0,0;0,0;0,0;1,0;0,0;;;;;;;;;;;;;
202412873,0;2024-05-17;08:03:00;COM VÍTIMA;FINALIZADA;BAIRRO DO RECIFE;CAIS DO APOLO;;;EM FRENTE AO PREDIO DO  TRIBUNAL DE JUSTIÇA  E A PRAÇA TIRADENTES;BAIRRO DO RECIFE;;;COLISÃO;0,0;1,0;0,0;0,0;0,0;0,0;0,0;0,0;0,0;1,0;0,0;;;;;;;;;;;;;
202412874,0;2024-05-17;08:07:00;COM VÍTIMA;DUPLICIDADE;PINA;AVENIDA CELSO FURTADO (VIA MANGUE);;;SENT. BOA VIAGEM;PINA;;;COLISÃO LATERAL;0,0;1,0;0,0;0,0;0,0;0,0;0,0;0,0;0,0;1,0;0,0;;;;;;;;;;;;;