Protocolo;data;hora;natureza;situacao;bairro;endereco;numero;detalhe_endereco_acidente;complemento;bairro_cruzamento;num_semaforo;sentido_via;tipo;auto;moto;ciclom;ciclista;pedestre;onibus;caminhao;viatura;outros;vitimas;vitimasfatais;acidente_verificado;tempo_clima;situacao_semaforo;sinalizacao;condicao_via;conservacao_via;ponto_controle;situacao_placa;velocidade_max_via;mao_direcao;divisao_via1;divisao_via2;divisao_via3
202412879,0;2024-05-17;08:37:00;COM VÍTIMA;DUPLICIDADE;BOA VIAGEM;AV CONSELHEIRO AGUIAR;;;EM FRENTE AO POSTO POLICIAL, PROX. AO RESTAURANTE CONTEMPORANEO;BOA VIAGEM;;;COLISÃO LATERAL;0,0;1,0;0,0;0,0;0,0;0,0;0,0;0,0;0,0;1,0;0,0;;;;;;;;;;;;;
202412880,0;2024-05-17;08:44:00;COM VÍTIMA;FINALIZADA;BOA VIAGEM;AVENIDA CELSO FURTADO (VIA MANGUE);;;VIA MANGUE, SENTIDO BOA VIAGEM;BOA VIAGEM;;;COLISÃO;0,0;1,0;0,0;0,0;0,0;0,0;0,0;0,0;0,0;1,0;0,0;;;;;;;;;;;;;
202412882,0;2024-05-17;08:49:00;COM VÍTIMA;FINALIZADA;JORDAO;RUA ALBERTO LUNDGREN;;;EM FRENTE A PRAÇA DO JORDÃO;JORDAO;;;COLISÃO;0,0;1,0;0,0;0,0;0,0;0,0;0,0;0,0;0,0;1,0;0,0;;;;;;;;;;;;;
202412886,0;2024-05-17;09:24:00;COM VÍTIMA;FINALIZADA;ENCRUZILHADA;AV NORTE MIGUEL ARRAES DE ALENCAR;1016;;PROX AO MRCADO EXTRA BOM, SENTIDO SANTO AMARO;ENCRUZILHADA;;;COLISÃO;0,0;1,0;0,0;0,0;0,0;0,0;0,0;0,0;0,0;1,0;0,0;;;;;;;;;;;;;
202412888,0;2024-05-17;09:32:00;COM VÍTIMA;DUPLICIDADE;ENCRUZILHADA;AV NORTE MIGUEL ARRAES DE ALENCAR;;;EM FRENTE A LOJA JACAUNA;ENCRUZILHADA;;;COLISÃO;0,0;1,0;0,0;0,0;0,0;0,0;0,0;0,0;0,0;1,0;0,0;;;;;;;;;;;;;
202412891,0;2024-05-17;09:59:00;COM VÍTIMA;DUPLICIDADE;BOA VIAGEM;AV REPUBLICA DO LIBANO;;;DEPOIS DO FORUM, NA SUBIDA DO VIADUTO DO RIO MAR - SENTIDO SHOPPING;BOA VIAGEM;;;COLISÃO;1,0;1,0;0,0;0,0;0,0;0,0;0,0;0,0;0,0;1,0;0,0;;;;;;;;;;;;;
202412893,0;2024-05-17;10:16:00;COM VÍTIMA;FINALIZADA;CABANGA;VIADUTO CAPITAO TEMUDO;815;;SENTIDO BOA VIAGEM // NA SUBIDA PROX AO FÓRUM JOANA BEZERRA;CABANGA;;;COLISÃO;0,0;1,0;0,0;0,0;0,0;0,0;0,0;0,0;0,0;1,0;0,0;;;;;;;;;;;;;
202412900,0;2024-05-17;10:46:00;COM VÍTIMA;FINALIZADA;NOVA DESCOBERTA;RUA CAMPESTRE;20;;PROX. A ANTIGA FABRICA KINITOS;NOVA DESCOBERTA;;;COLISÃO LATERAL;1,0;1,0;0,0;0,0;0,0;0,0;0,0;0,0;0,0;2,0;0,0;;;;;;;;;;;;;
202412901,0;2024-05-17;11:03:00;COM VÍTIMA;FINALIZADA;AFOGADOS;RUA NICOLAU PEREIRA;;;PROX A ESTAÇÃO DO METROR / SENTIDO AV SULPROX AO ARMAZEM / APOIS O POSTO DE GASOLINA;AFOGADOS;;;COLISÃO;0,0;1,0;0,0;0,0;0,0;0,0;0,0;0,0;0,0;1,0;0,0;;;;;;;;;;;;;
202412905,0;2024-05-17;11:37:00;COM VÍTIMA;FINALIZADA;TEJIPIO;AV DR JOSE RUFINO;;;EM FRENTE AO COLEGIO PAULO PESSOA GUERRA;TEJIPIO;;;COLISÃO LATERAL;0,0;1,0;0,0;0,0;0,0;0,0;0,0;0,0;0,0;1,0;0,0;;;;;;;;;;;;;
202412910,0;2024-05-17;12:13:00;COM VÍTIMA;CANCELADA;DERBY;RUA AMAURI DE MEDEIROS;158;;PROX AO LABORATORIO MARCELO MAGALHÃES;DERBY;;;COLISÃO;0,0;1,0;0,0;0,0;0,0;0,0;0,0;0,0;0,0;1,0;0,0;;;;;;;;;;;;;
202412912,0;2024-05-17;01:07:00;COM VÍTIMA;FINALIZADA;DOIS UNIDOS;RUA DIVISOPOLIS;645;;ALTO DO MARACANÃ E  O COLEGIO MUNICIPAL ALTO DO MARACANÃ;DOIS UNIDOS;;;COLISÃO;0,0;1,0;0,0;0,0;0,0;1,0;0,0;0,0;0,0;1,0;0,0;;;;;;;;;;;;;
202412913,0;2024-05-17;01:17:00;COM VÍTIMA;FINALIZADA;AREIAS;AV RECIFE;;;SENTIDO BOA VIAGEM // PROXIMO AO ATACADÃO;AREIAS;;;COLISÃO;1,0;0,0;0,0;0,0;0,0;0,0;0,0;0,0;0,0;1,0;0,0;;;;;;;;;;;;;
202412924,0;2024-05-17;03:19:00;COM VÍTIMA;FINALIZADA;BOA VIAGEM;RUA JOSE ADERVAL CHAVES;176;;PROXIMO A CASA DO COLCHÃO // DEPOIS DO ASSAI ATACADISTA;BOA VIAGEM;;;COLISÃO;0,0;1,0;0,0;0,0;0,0;0,0;0,0;0,0;0,0;1,0;0,0;;;;;;;;;;;;;
202412926,0;2024-05-17;03:21:00;COM VÍTIMA;FINALIZADA;ENGENHO DO MEIO;RUA MANOEL ESTEVAO DA COSTA;119;;E/F ACADEMIA ACTO   E PROX A LOTERIA  E O IMPERIO DA CONSTRUÇAÕ;ENGENHO DO MEIO;;;COLISÃO TRASEIRA;1,0;1,0;0,0;0,0;0,0;0,0;0,0;0,0;0,0;1,0;0,0;;;;;;;;;;;;;
202412927,0;2024-05-17;03:23:00;COM VÍTIMA;FINALIZADA;AREIAS;AV RECIFE;;;PROXIMO A BORRACHARIA // PROXIMO A LOJA RADIADORES;AREIAS;;;COLISÃO;0,0;1,0;0,0;0,0;0,0;0,0;0,0;0,0;0,0;1,0;0,0;;;;;;;;;;;;;
202412936,0;2024-05-17;04:03:00;COM VÍTIMA;FINALIZADA;CAXANGA;RUA RIBEIRO PESSOA;940;;PROXIMO A UPA DA CAXANGA // AO LADO DO MOTEL TURQUESA;CAXANGA;;;COLISÃO;0,0;1,0;0,0;0,0;0,0;0,0;0,0;0,0;0,0;1,0;0,0;;;;;;;;;;;;;
202412944,0;2024-05-17;05:02:00;COM VÍTIMA;FINALIZADA;ALTO DO MANDU;RUA MANDACARU;661;;PROXIMO AO IMPERIO DOS FRIOS;ALTO DO MANDU;;;COLISÃO;0,0;1,0;0,0;0,0;0,0;0,0;0,0;0,0;0,0;1,0;0,0;;;;;;;;;;;;;
202412946,0;2024-05-17;05:32:00;COM VÍTIMA;FINALIZADA;IBURA;RUA ALHANDRA;140;;EM FRENTE A PONTUAL // PROXIMO A CECUNHA IBURA DE BAIXO;IBURA;;;COLISÃO;0,0;1,0;0,0;0,0;0,0;0,0;0,0;0,0;0,0;1,0;0,0;;;;;;;;;;;;;
202412949,0;2024-05-17;06:02:00;COM VÍTIMA;FINALIZADA;CAMPO GRANDE;RUA ODORICO MENDES;501;;APOS O CLUBE DAS PAS SENTIDO ARRUDA;CAMPO GRANDE;;;COLISÃO LATERAL;1,0;1,0;0,0;0,0;0,0;0,0;0,0;0,0;0,0;1,0;0,0;;;;;;;;;;;;;
202412953,0;2024-05-17;06:43:00;COM VÍTIMA;FINALIZADA;TAMARINEIRA;RUA CONEGO BARATA;3672;;PRÓXIMO A AV. NORTE, NA FRENTE DO ALARME CENTER;TAMARINEIRA;;;COLISÃO LATERAL;1,0;1,0;0,0;0,0;0,0;0,0;0,0;0,0;0,0;1,0;0,0;;;;;;;;;;;;;
202412966,0;2024-05-18;12:24:00;COM VÍTIMA;FINALIZADA;ENCRUZILHADA;AV NORTE MIGUEL ARRAES DE ALENCAR;;AV JOAO DE BARROS;PROX AO BANCO SANTANDER;ENCRUZILHADA;;;COLISÃO;0,0;0,0;0,0;0,0;0,0;2,0;0,0;0,0;0,0;1,0;0,0;;;;;;;;;;;;;
202412975,0;2024-05-18;06:41:00;SEM VÍTIMA;FINALIZADA;CABANGA;AV ENGENHEIRO JOSE ESTELITA;;;EM FRENTE AO CABANGA IATE CLUBE;CABANGA;;;CHOQUE;0,0;0,0;0,0;0,0;0,0;0,0;0,0;0,0;0,0;0,0;0,0;;;;;;;;;;;;;
202412976,0;2024-05-18;06:44:00;COM VÍTIMA;FINALIZADA;ARRUDA;AV BEBERIBE;;;PROXIMO AO ARRUDA ESTADIO / AV JOSE AUGUSTOS DOS SANTOS;ARRUDA;;;COLISÃO;0,0;1,0;0,0;0,0;0,0;0,0;0,0;0,0;0,0;1,0;0,0;;;;;;;;;;;;;
202412992,0;2024-05-18;08:45:00;SEM VÍTIMA;CANCELADA;CABANGA;PTE AGAMENON MAGALHAES;;;;CABANGA;;CIDADE;COLISÃO TRASEIRA;2,0;0,0;0,0;0,0;0,0;0,0;0,0;0,0;0,0;0,0;0,0;;;;;;;;;;;;;
202413009,0;2024-05-18;11:52:00;COM VÍTIMA;FINALIZADA;ALTO JOSE DO PINHO;AV NORTE MIGUEL ARRAES DE ALENCAR;;;EM FRENTE AO REI DA PICANHA // PX A BIOKE NORTE;ALTO JOSE DO PINHO;;;COLISÃO;0,0;1,0;0,0;0,0;0,0;0,0;0,0;0,0;0,0;1,0;0,0;;;;;;;;;;;;;
202413010,0;2024-05-18;11:52:00;COM VÍTIMA;FINALIZADA;DERBY;AV GOVERNADOR AGAMENON MAGALHAES;;;NA SUBIDA DO VIADUTO DA JOANA BEZERRA ////APOS O HOSPITAL PORTUGUES;DERBY;;;COLISÃO;0,0;1,0;0,0;0,0;0,0;0,0;0,0;0,0;0,0;1,0;0,0;;;;;;;;;;;;;
202413015,0;2024-05-18;01:39:00;COM VÍTIMA;FINALIZADA;ESPINHEIRO;AV GOVERNADOR AGAMENON MAGALHAES;1800;;SENTIDO DERBY // ANTES DO VIADUTO DA AV JOÃO DE BARROS /, PROXIMO A JEEP;ESPINHEIRO;;;COLISÃO;1,0;1,0;0,0;0,0;0,0;0,0;0,0;0,0;0,0;1,0;0,0;;;;;;;;;;;;;
202413018,0;2024-05-18;02:40:00;COM VÍTIMA;FINALIZADA;SITIO DOS PINTOS;AV ARNALDO PAES DE ANDRADE;;;PROXIMO AO TERMINAL DO ONIBUS DE SITIO DOS PINTOS // PROXIMO AO DEPOSITO DE BEBIDAS RAFAEL;SITIO DOS PINTOS;;;COLISÃO;0,0;1,0;0,0;0,0;0,0;0,0;0,0;0,0;0,0;1,0;0,0;;;;;;;;;;;;;
202413019,0;2024-05-18;02:42:00;COM VÍTIMA;FINALIZADA;BOA VIAGEM;RUA ANTONIO FALCAO;835;;PROXIMO AO CONDOMINIO LE PARC;BOA VIAGEM;;;COLISÃO;0,0;1,0;0,0;0,0;0,0;0,0;0,0;0,0;0,0;1,0;0,0;;;;;;;;;;;;;
202413027,0;2024-05-18;03:47:00;COM VÍTIMA;FINALIZADA;MUSTARDINHA;RUA TEJUCUPAPO;543;;EM FRENTE AO COLEGIO COSTA E SILVA  // PROXIMO AO CAMPO DOS CADUCOS;MUSTARDINHA;;;COLISÃO;0,0;0,0;1,0;0,0;0,0;0,0;0,0;0,0;0,0;1,0;0,0;;;;;;;;;;;;;
202413033,0;2024-05-18;04:38:00;COM VÍTIMA;FINALIZADA;CORDEIRO;RUA OCIDENTAL;163;;PROXIMO AO ARMAZEM JC;CORDEIRO;;;COLISÃO LATERAL;0,0;1,0;0,0;0,0;0,0;0,0;0,0;0,0;0,0;1,0;0,0;;;;;;;;;;;;;
202413077,0;2024-05-19;08:33:00;COM VÍTIMA;FINALIZADA;IMBIRIBEIRA;AV ENGENHEIRO ALVES DE SOUZA;;;EM FRENTE A SUBSTAÇÃO DA CELPE, PROX. AO RESTAURANTE TRES IRMÃOS;IMBIRIBEIRA;;;COLISÃO LATERAL;0,0;1,0;0,0;0,0;0,0;0,0;0,0;0,0;0,0;1,0;0,0;;;;;;;;;;;;;
202413078,0;2024-05-19;09:05:00;COM VÍTIMA;FINALIZADA;BOA VIAGEM;AV CONSELHEIRO AGUIAR;4239;;EM FRENTE A FARMÁCIA PAGUE MENOS //  PRÓX AO ANTIGO PRÉDIO HOLIDAY;BOA VIAGEM;;;COLISÃO;0,0;1,0;0,0;0,0;0,0;0,0;0,0;0,0;0,0;1,0;0,0;;;;;;;;;;;;;
202413083,0;2024-05-19;11:00:00;COM VÍTIMA;FINALIZADA;CAXANGA;AV JOAQUIM RIBEIRO;;;APOS A UPA SENT. CIDADE NA DESCIDA DA PONTE, PROX. A ESTAÇÃO BRT;CAXANGA;;;COLISÃO TRASEIRA;1,0;1,0;0,0;0,0;0,0;0,0;0,0;0,0;0,0;1,0;0,0;;;;;;;;;;;;;
202413098,0;2024-05-19;01:28:00;COM VÍTIMA;FINALIZADA;ENCRUZILHADA;EST DE BELEM;313;RUA DONA ELVIRA;AO LADO DA QUINTANDARIA;ENCRUZILHADA;;;COLISÃO LATERAL;1,0;1,0;0,0;0,0;0,0;0,0;0,0;0,0;0,0;1,0;0,0;;;;;;;;;;;;;
202413117,0;2024-05-19;05:49:00;COM VÍTIMA;FINALIZADA;AFOGADOS;EST DOS REMEDIOS;1235;;EM FRENTE AO POSTO  PETROBRAS;AFOGADOS;;;COLISÃO LATERAL;1,0;1,0;0,0;0,0;0,0;0,0;0,0;0,0;0,0;1,0;0,0;;;;;;;;;;;;;
202413123,0;2024-05-19;07:12:00;COM VÍTIMA;FINALIZADA;BOA VIAGEM;AV ARMINDO MOURA;;;PROX A AREA MILITAR;BOA VIAGEM;;;COLISÃO;1,0;1,0;0,0;0,0;0,0;0,0;0,0;0,0;0,0;1,0;0,0;;;;;;;;;;;;;
202413144,0;2024-05-20;07:09:00;COM VÍTIMA;FINALIZADA;TORRE;RUA PROFESSOR TRAJANO DE MENDONCA;;;EM FRENTE AO POSTO DE GASOLINA SHELL;TORRE;;;COLISÃO LATERAL;1,0;1,0;0,0;0,0;0,0;0,0;0,0;0,0;0,0;1,0;0,0;;;;;;;;;;;;;
202413152,0;2024-05-20;08:12:00;COM VÍTIMA;FINALIZADA;CORDEIRO;RUA DO FORTE;620;;EM FRENTE A ESPAÇO VIDA;CORDEIRO;;;COLISÃO LATERAL;1,0;1,0;0,0;0,0;0,0;0,0;0,0;0,0;0,0;1,0;0,0;;;;;;;;;;;;;
202413154,0;2024-05-20;08:18:00;COM VÍTIMA;FINALIZADA;IBURA;AV DOIS RIOS;;;EM FRENTE AO  SESI DO IBURA;IBURA;;;COLISÃO LATERAL;1,0;1,0;0,0;0,0;0,0;0,0;0,0;0,0;0,0;1,0;0,0;;;;;;;;;;;;;
202413157,0;2024-05-20;08:38:00;COM VÍTIMA;FINALIZADA;CAMPO GRANDE;RUA ODORICO MENDES;198;;PROX AO CLUBE DAS PAES;CAMPO GRANDE;;;COLISÃO FRONTAL;1,0;1,0;0,0;0,0;0,0;0,0;0,0;0,0;0,0;1,0;0,0;;;;;;;;;;;;;
202413161,0;2024-05-20;09:29:00;COM VÍTIMA;FINALIZADA;IBURA;AV RIO VERDE;616;AV SANTA FE;NA ESQUINA DA AV RIO VERDE E AV SANTA FE;IBURA;;;COLISÃO LATERAL;1,0;1,0;0,0;0,0;0,0;0,0;0,0;0,0;0,0;1,0;0,0;;;;;;;;;;;;;
202413164,0;2024-05-20;10:02:00;COM VÍTIMA;FINALIZADA;ROSARINHO;RUA REGUEIRA COSTA;75;;EM FRENTE A ACADEMIA MAX FORMA  // EM FRENTE A LOJA MULTI MIX;ROSARINHO;;;COLISÃO TRASEIRA;1,0;1,0;0,0;0,0;0,0;0,0;0,0;0,0;0,0;1,0;0,0;;;;;;;;;;;;;
202413178,0;2024-05-20;12:36:00;COM VÍTIMA;FINALIZADA;BOA VISTA;RUA MARQUES AMORIM;524;;POR TRAS DA UNIMED;BOA VISTA;;;COLISÃO LATERAL;1,0;1,0;0,0;0,0;0,0;0,0;0,0;0,0;0,0;2,0;0,0;;;;;;;;;;;;;
202413189,0;2024-05-20;02:30:00;COM VÍTIMA;FINALIZADA;BREJO DA GUABIRABA;AV DA RECUPERACAO;;;PROX AO TERMINAL DA GUABIRABA  E O ARMAZEM JENIPAPO PISTA LOCAL;BREJO DA GUABIRABA;;;COLISÃO LATERAL;0,0;0,0;0,0;0,0;0,0;0,0;0,0;0,0;0,0;1,0;0,0;;;;;;;;;;;;;
202413190,0;2024-05-20;02:35:00;COM VÍTIMA;FINALIZADA;CASA AMARELA;AV NORTE MIGUEL ARRAES DE ALENCAR;;;E/F AO REI DA PICANHA;CASA AMARELA;;;COLISÃO LATERAL;0,0;0,0;0,0;0,0;0,0;0,0;0,0;0,0;0,0;1,0;0,0;;;;;;;;;;;;;
202413193,0;2024-05-20;03:52:00;COM VÍTIMA;FINALIZADA;IMBIRIBEIRA;AV MARECHAL MASCARENHAS DE MORAES;4433;;E/F A LASER ELETRO  EA CONCESSIONARIA  NISSAN;IMBIRIBEIRA;;;COLISÃO LATERAL;0,0;0,0;0,0;0,0;0,0;0,0;0,0;0,0;0,0;1,0;0,0;;;;;;;;;;;;;
202413197,0;2024-05-20;04:25:00;COM VÍTIMA;DUPLICIDADE;SANCHO;AV LIBERDADE;;;E/F AO CEMITERIO PARQUE DAS FLORES;SANCHO;;;COLISÃO LATERAL;0,0;0,0;0,0;0,0;0,0;0,0;0,0;0,0;0,0;1,0;0,0;;;;;;;;;;;;;
202413199,0;2024-05-20;04:30:00;COM VÍTIMA;FINALIZADA;SANTO ANTONIO;AV DANTAS BARRETO;;AV N S DO CARMO;;SANTO ANTONIO;;;ATROPELAMENTO DE PESSOA;0,0;0,0;0,0;0,0;1,0;1,0;0,0;0,0;0,0;1,0;0,0;;;;;;;;;;;;;
202413201,0;2024-05-20;04:47:00;COM VÍTIMA;FINALIZADA;TOTO;AV LIBERDADE;;;EM FRENTE CEMITERIO PARQUE DAS FLORES;TOTO;;;COLISÃO LATERAL;0,0;2,0;0,0;0,0;0,0;0,0;0,0;0,0;0,0;2,0;0,0;;;;;;;;;;;;;
202413217,0;2024-05-20;06:33:00;SEM VÍTIMA;FINALIZADA;BOA VISTA;AV CONDE DA BOA VISTA;1596;;PRÓXIMO DA ATLAS SCHINDLER;BOA VISTA;27,0;SUBURBIO;COLISÃO LATERAL;1,0;0,0;0,0;0,0;0,0;1,0;0,0;0,0;0,0;0,0;0,0;;;;;;;;;;;;;
202413224,0;2024-05-20;08:56:00;COM VÍTIMA;FINALIZADA;BOA VIAGEM;AV CONSELHEIRO AGUIAR;;AV HERCULANO BANDEIRA;E/F PADARIA DIPLOMATA;BOA VIAGEM;;;COLISÃO TRANSVERSAL;1,0;1,0;0,0;0,0;0,0;0,0;0,0;0,0;0,0;1,0;0,0;;;;;;;;;;;;;
202413244,0;2024-05-21;07:00:00;COM VÍTIMA;FINALIZADA;CAMPO GRANDE;EST DE BELEM;;;PROX. AO COLEGIO JESUS CRUCIFICADO;CAMPO GRANDE;;;COLISÃO LATERAL;0,0;1,0;0,0;0,0;0,0;0,0;0,0;0,0;0,0;1,0;0,0;;;;;;;;;;;;;
202413263,0;2024-05-21;08:00:00;COM VÍTIMA;FINALIZADA;NOVA DESCOBERTA;AV NORTE MIGUEL ARRAES DE ALENCAR;9369;;ENTRADA DE NOVA DESCOBERTA // PROX A LOJA FRANGO MAIS  // PROX AO COLEGIO CLOTILDE;NOVA DESCOBERTA;;;COLISÃO LATERAL;0,0;2,0;0,0;0,0;0,0;0,0;0,0;0,0;0,0;1,0;0,0;;;;;;;;;;;;;
202413266,0;2024-05-21;08:05:00;COM VÍTIMA;FINALIZADA;CASA AMARELA;AV NORTE MIGUEL ARRAES DE ALENCAR;4895;;EM FRENTE A LOJA MOTO SHOPPING;CASA AMARELA;;;COLISÃO LATERAL;1,0;1,0;0,0;0,0;0,0;1,0;0,0;0,0;0,0;1,0;0,0;;;;;;;;;;;;;
202413274,0;2024-05-21;09:21:00;COM VÍTIMA;FINALIZADA;ALTO JOSE BONIFACIO;RUA ALBINO KROSS;;;PROX. AO TERMINAL DE ONIBUS DA BOMBA DO HEMETERIO, CORREGO JOSE GRANDE;ALTO JOSE BONIFACIO;;;COLISÃO LATERAL;0,0;1,0;0,0;0,0;0,0;0,0;0,0;0,0;0,0;1,0;0,0;;;;;;;;;;;;;
202413283,0;2024-05-21;09:55:00;COM VÍTIMA;FINALIZADA;CASA FORTE;AV DEZESSETE DE AGOSTO;;;PROX. A CASA DOS DOCES E POSTO DE GASOLINA BR;CASA FORTE;;;COLISÃO LATERAL;0,0;1,0;0,0;0,0;0,0;0,0;0,0;0,0;0,0;1,0;0,0;;;;;;;;;;;;;
202413295,0;2024-05-21;12:23:00;COM VÍTIMA;FINALIZADA;JIQUIA;RUA ANTONIO CARNEIRO;266;;PROXIMO A ASTROTUR;JIQUIA;;;COLISÃO COM CICLISTA;1,0;0,0;0,0;1,0;0,0;0,0;0,0;0,0;0,0;1,0;0,0;;;;;;;;;;;;;
202413296,0;2024-05-21;12:25:00;SEM VÍTIMA;FINALIZADA;JARDIM SAO PAULO;RUA DAMASCO;161;;PROX A PRAÇA DE JD SAO PAULO ( PROX A DELEGACIA );JARDIM SAO PAULO;;;COLISÃO TRASEIRA;1,0;0,0;0,0;0,0;0,0;0,0;0,0;1,0;0,0;0,0;0,0;;;;;;;;;;;;;
202413299,0;2024-05-21;12:36:00;COM VÍTIMA;FINALIZADA;BOA VIAGEM;AVENIDA CELSO FURTADO (VIA MANGUE);;;ANTIGO AEROCLUB;BOA VIAGEM;;;QUEDA;0,0;1,0;0,0;0,0;0,0;0,0;0,0;0,0;0,0;2,0;0,0;;;;;;;;;;;;;
202413312,0;2024-05-21;03:08:00;COM VÍTIMA;FINALIZADA;TAMARINEIRA;RUA SEBASTIAO MALTA ARCOVERDE;160;;EM FRENTE A RENAUX;TAMARINEIRA;;;ATROPELAMENTO DE PESSOA;1,0;0,0;0,0;0,0;1,0;0,0;0,0;0,0;0,0;1,0;0,0;;;;;;;;;;;;;
202413314,0;2024-05-21;03:27:00;COM VÍTIMA;FINALIZADA;PINA;AV ANTONIO DE GOES;;;E/F A PRF  S/T CID;PINA;;;COLISÃO LATERAL;0,0;0,0;0,0;0,0;0,0;0,0;0,0;0,0;0,0;1,0;0,0;;;;;;;;;;;;;
202413315,0;2024-05-21;03:29:00;COM VÍTIMA;FINALIZADA;GRACAS;RUA DAS CREOULAS;;;NO SEMÁFORO 102;GRACAS;;;COLISÃO TRASEIRA;1,0;1,0;0,0;0,0;0,0;0,0;0,0;0,0;0,0;1,0;0,0;;;;;;;;;;;;;
202413317,0;2024-05-21;03:48:00;COM VÍTIMA;FINALIZADA;ENCRUZILHADA;RUA DR JOSE MARIA;1912;;E/F AO PREDIO DOS CORREIOS NO LARRGO DA ENCRUZILHADA;ENCRUZILHADA;;;COLISÃO LATERAL;1,0;1,0;0,0;0,0;0,0;0,0;0,0;0,0;0,0;1,0;0,0;;;;;;;;;;;;;
202413320,0;2024-05-21;04:23:00;COM VÍTIMA;DUPLICIDADE;GRACAS;RUA DAS CREOULAS;301;;PROX A CAFETERIA  E CiA 81;GRACAS;;;COLISÃO LATERAL;0,0;0,0;0,0;0,0;0,0;0,0;0,0;0,0;0,0;1,0;0,0;;;;;;;;;;;;;
202413325,0;2024-05-21;05:58:00;COM VÍTIMA;FINALIZADA;NOVA DESCOBERTA;AV VEREADOR OTACILIO AZEVEDO;2756;;PROX A PADARIA BOA VISTA E A OFICINA ZERO MOTO;NOVA DESCOBERTA;;;COLISÃO LATERAL;0,0;0,0;0,0;0,0;0,0;0,0;0,0;0,0;0,0;1,0;0,0;;;;;;;;;;;;;
202413327,0;2024-05-21;06:29:00;COM VÍTIMA;FINALIZADA;BOA VIAGEM;AVENIDA CELSO FURTADO (VIA MANGUE);;;NO MEIO DA VIA MANGE , NA MEDIAÇÃO DO ASSAI;BOA VIAGEM;;;COLISÃO TRASEIRA;3,0;0,0;0,0;0,0;0,0;0,0;0,0;0,0;0,0;1,0;0,0;;;;;;;;;;;;;
202413328,0;2024-05-21;06:54:00;COM VÍTIMA;FINALIZADA;IBURA;AV SANTA FE;572;;NA UR2 IBURA // PROXIMO A PIZZARIA  KSABOR;IBURA;;;COLISÃO;0,0;1,0;0,0;0,0;0,0;0,0;0,0;0,0;0,0;1,0;0,0;;;;;;;;;;;;;
202413337,0;2024-05-21;09:41:00;COM VÍTIMA;FINALIZADA;BEBERIBE;AV BEBERIBE;;RUA DALVA DE OLIVEIRA;PROXIMO AO SESC;BEBERIBE;;;COLISÃO;0,0;2,0;0,0;0,0;0,0;0,0;0,0;0,0;0,0;1,0;0,0;;;;;;;;;;;;;
202413352,0;2024-05-22;07:16:00;COM VÍTIMA;FINALIZADA;DOIS UNIDOS;RUA BACHAREL SEVERINO T.G.DO NASCIMENTO;;;APOS O ATACAREJO SENT. SUB.;DOIS UNIDOS;;;COLISÃO LATERAL;0,0;1,0;0,0;0,0;0,0;0,0;0,0;0,0;0,0;1,0;0,0;;;;;;;;;;;;;
202413353,0;2024-05-22;07:06:00;COM VÍTIMA;FINALIZADA;BOA VIAGEM;AV ENGENHEIRO DOMINGOS FERREIRA;636;;CLINICAL CENTER / NA FAIXA DA DIREITA, LADO OPOSTO AO IBIS HOTEL;BOA VIAGEM;;;COLISÃO LATERAL;0,0;1,0;0,0;0,0;0,0;1,0;0,0;0,0;0,0;1,0;0,0;;;;;;;;;;;;;
202413354,0;2024-05-22;07:17:00;COM VÍTIMA;FINALIZADA;CAXANGA;AV JOAQUIM RIBEIRO;;RUA RIBEIRO PESSOA;EM FRENTE A UPA SEMAFORO 281;CAXANGA;;;COLISÃO LATERAL;1,0;1,0;0,0;0,0;0,0;0,0;0,0;0,0;0,0;2,0;0,0;;;;;;;;;;;;;
202413358,0;2024-05-22;07:54:00;COM VÍTIMA;DUPLICIDADE;ROSARINHO;AV NORTE MIGUEL ARRAES DE ALENCAR;;;EM FRENTE A CHINA CABELEIREIRO;ROSARINHO;;;COLISÃO LATERAL;0,0;1,0;0,0;0,0;0,0;0,0;0,0;0,0;0,0;1,0;0,0;;;;;;;;;;;;;
202413363,0;2024-05-22;08:50:00;COM VÍTIMA;FINALIZADA;AREIAS;AV DR JOSE RUFINO;;;EM FRENTE A IGREJA SANTA LUZIA;AREIAS;;;COLISÃO LATERAL;0,0;1,0;0,0;0,0;0,0;0,0;0,0;0,0;0,0;1,0;0,0;;;;;;;;;;;;;
202413371,0;2024-05-22;09:48:00;COM VÍTIMA;FINALIZADA;BRASILIA TEIMOSA;RUA COMENDADOR MORAES;373;;DO LADO DO JCPM;BRASILIA TEIMOSA;;;COLISÃO LATERAL;1,0;1,0;0,0;0,0;0,0;0,0;0,0;0,0;0,0;1,0;0,0;;;;;;;;;;;;;