Protocolo;data;hora;natureza;situacao;bairro;endereco;numero;detalhe_endereco_acidente;complemento;bairro_cruzamento;num_semaforo;sentido_via;tipo;auto;moto;ciclom;ciclista;pedestre;onibus;caminhao;viatura;outros;vitimas;vitimasfatais;acidente_verificado;tempo_clima;situacao_semaforo;sinalizacao;condicao_via;conservacao_via;ponto_controle;situacao_placa;velocidade_max_via;mao_direcao;divisao_via1;divisao_via2;divisao_via3
202413837,0;2024-05-26;01:18:00;COM VÍTIMA;FINALIZADA;IPSEP;RUA POTENGY;58;;PROXIMO A PRAÇA JARDIM AMERICA;IPSEP;;;COLISÃO;0,0;1,0;0,0;0,0;0,0;0,0;0,0;0,0;0,0;1,0;0,0;;;;;;;;;;;;;
202413838,0;2024-05-26;01:26:00;COM VÍTIMA;FINALIZADA;CASA AMARELA;RUA CONS PERETTI;98;RUA OSCAR DE BARROS;PROXIMO A CAIXA ECONOMICA;CASA AMARELA;;;COLISÃO;0,0;1,0;0,0;0,0;0,0;0,0;0,0;0,0;0,0;1,0;0,0;;;;;;;;;;;;;
202413854,0;2024-05-26;04:32:00;COM VÍTIMA;FINALIZADA;BARRO;RUA DOM ANTONIO VICOSO;200;;RUA EM FRENTE AO COLEGIO IMACULADA CONCEIÇÃO // RUA EM FRENTE AO SOCIETY DO BARRO  E O POSTO DE GASOLINA AO LADO // PROXIMO A IGREJA DO BARRO;BARRO;;;COLISÃO;0,0;1,0;0,0;0,0;0,0;0,0;0,0;0,0;0,0;1,0;0,0;;;;;;;;;;;;;
202413860,0;2024-05-26;06:24:00;COM VÍTIMA;FINALIZADA;IBURA;AV DOIS RIOS;612;;EM FRENTE AO SESI / IBURA DE BAIXO;IBURA;;;COLISÃO;1,0;1,0;0,0;0,0;0,0;0,0;0,0;0,0;0,0;1,0;0,0;;;;;;;;;;;;;
202413869,0;2024-05-26;08:34:00;COM VÍTIMA;FINALIZADA;BOA VISTA;RUA VISCONDE DE GOIANA;241;;COM O CRUZAMENTO A RUA MARQUÊS DE AMORIM;BOA VISTA;;;COLISÃO TRANSVERSAL;0,0;2,0;0,0;0,0;0,0;0,0;0,0;0,0;0,0;1,0;0,0;;;;;;;;;;;;;
202413870,0;2024-05-26;09:04:00;SEM VÍTIMA;CANCELADA;APIPUCOS;RUA DE APIPUCOS;235;;;APIPUCOS;;;COLISÃO TRANSVERSAL;1,0;1,0;0,0;0,0;0,0;0,0;0,0;0,0;0,0;0,0;0,0;;;;;;;;;;;;;
202413872,0;2024-05-26;10:54:00;COM VÍTIMA;FINALIZADA;BOMBA DO HEMETERIO;RUA BOMBA DO HEMETERIO;403;;EM FRENTE A FUNERARIA CANAÃ;BOMBA DO HEMETERIO;;;COLISÃO FRONTAL;1,0;2,0;0,0;0,0;0,0;0,0;0,0;0,0;0,0;1,0;0,0;;;;;;;;;;;;;
202413873,0;2024-05-27;04:37:00;COM VÍTIMA;FINALIZADA;CASA AMARELA;RUA BELA VISTA;;;PROXIMO AO REI DA PICANHA E A PADARIA BELA VISTA;CASA AMARELA;;;CHOQUE;1,0;0,0;0,0;0,0;0,0;0,0;0,0;0,0;0,0;1,0;0,0;;;;;;;;;;;;;
202413894,0;2024-05-27;07:49:00;COM VÍTIMA;FINALIZADA;PAISSANDU;AV ENGENHEIRO ABDIAS DE CARVALHO;;;EM FRENTE AO SPORT CLUB  / SENTIDO AGAMENON;PAISSANDU;;;COLISÃO LATERAL;1,0;0,0;0,0;1,0;0,0;0,0;0,0;0,0;0,0;1,0;0,0;;;;;;;;;;;;;
202413895,0;2024-05-27;07:56:00;COM VÍTIMA;FINALIZADA;NOVA DESCOBERTA;AV VEREADOR OTACILIO AZEVEDO;;;NO COMECO DA LADEIRA DO ALTO DO EUCALIPTO DESCENDO SENTIDO UPA NOVA DESCOBERTA;NOVA DESCOBERTA;;;COLISÃO;0,0;1,0;0,0;0,0;0,0;0,0;0,0;0,0;0,0;1,0;0,0;;;;;;;;;;;;;
202413900,0;2024-05-27;09:16:00;SEM VÍTIMA;FINALIZADA;TORRE;RUA JOSE BONIFACIO;;RUA PADRE ANCHIETA;SOB O SEMÁFORO Nº 193;TORRE;193,0;SUBURBIO;COLISÃO LATERAL;1,0;0,0;0,0;0,0;0,0;0,0;0,0;1,0;0,0;0,0;0,0;;;;;;;;;;;;;
202413914,0;2024-05-27;11:07:00;COM VÍTIMA;FINALIZADA;TORRE;RUA JOSE DE HOLANDA;;;EM FRENTE A PRAÇA DA TORRE;TORRE;;;COLISÃO LATERAL;0,0;1,0;0,0;0,0;0,0;0,0;0,0;0,0;0,0;1,0;0,0;;;;;;;;;;;;;
202413917,0;2024-05-27;11:27:00;COM VÍTIMA;FINALIZADA;IMBIRIBEIRA;AV MARECHAL MASCARENHAS DE MORAES;;;PROX. A CONTINENTAL E AEROPORTO SENT. RECIFE, GP PNEUS;IMBIRIBEIRA;;;COLISÃO LATERAL;1,0;1,0;0,0;0,0;0,0;0,0;0,0;0,0;0,0;1,0;0,0;;;;;;;;;;;;;
202413920,0;2024-05-27;11:48:00;COM VÍTIMA;FINALIZADA;SAN MARTIN;RUA ITAPEMIRIM;289;AV CONSUL VILARES FRAGOSO;AO LADO DA CAVALARIA;SAN MARTIN;;;COLISÃO LATERAL;2,0;0,0;0,0;0,0;0,0;0,0;0,0;0,0;0,0;1,0;0,0;;;;;;;;;;;;;
202413921,0;2024-05-27;11:56:00;COM VÍTIMA;DUPLICIDADE;SAN MARTIN;RUA ITAPEMIRIM;769;;PROX A SECRETARIA DE SAUDE , SENTIDO GENERAL SAN MARTIN;SAN MARTIN;;;COLISÃO;1,0;0,0;0,0;0,0;0,0;0,0;0,0;0,0;0,0;1,0;0,0;;;;;;;;;;;;;
202413922,0;2024-05-27;12:06:00;COM VÍTIMA;FINALIZADA;MADALENA;AV VISCONDE DE ALBUQUERQUE;;AV JOSE GONCALVES DE MEDEIROS;EM FRENTE A POLICLINICA LESSA DE ANDRADE;MADALENA;;;COLISÃO;0,0;2,0;0,0;0,0;0,0;0,0;0,0;0,0;0,0;1,0;0,0;;;;;;;;;;;;;
202413928,0;2024-05-27;01:09:00;COM VÍTIMA;FINALIZADA;SANTO AMARO;AV DR JAYME DA FONTE;203;;PROXIMO A COMPESA E A DAVITA;SANTO AMARO;;;COLISÃO COM CICLISTA;1,0;0,0;0,0;1,0;0,0;0,0;0,0;0,0;0,0;1,0;0,0;;;;;;;;;;;;;
202413936,0;2024-05-27;03:48:00;COM VÍTIMA;FINALIZADA;BEBERIBE;AV BEBERIBE;;;PROX AO RESTAURANTE REI DO ARRUMADINHO E AO ARMAZÉM DUNGA;BEBERIBE;;;COLISÃO;0,0;1,0;0,0;0,0;0,0;0,0;0,0;0,0;0,0;1,0;0,0;;;;;;;;;;;;;
202413938,0;2024-05-27;04:04:00;COM VÍTIMA;FINALIZADA;BONGI;EST DO BONGI;1230;;APOS A PADARIA SANTA JOANA;BONGI;;;COLISÃO;1,0;1,0;0,0;0,0;0,0;0,0;0,0;0,0;0,0;1,0;0,0;;;;;;;;;;;;;
202413945,0;2024-05-27;05:58:00;SEM VÍTIMA;FINALIZADA;TORRE;RUA JOSE BONIFACIO;;RUA FREI JABOATAO;;TORRE;;SUBURBIO;COLISÃO TRASEIRA;3,0;0,0;0,0;0,0;0,0;0,0;0,0;0,0;0,0;0,0;0,0;;;;;;;;;;;;;
202413947,0;2024-05-27;06:39:00;COM VÍTIMA;CANCELADA;IPUTINGA;AV DA RECUPERACAO;2583;;DEPOIS DO ATACADÃO SENTIDO PAULISTA E PROX AO POSTO BR;IPUTINGA;;;COLISÃO;0,0;1,0;0,0;0,0;0,0;0,0;0,0;0,0;0,0;1,0;0,0;;;;;;;;;;;;;
202413948,0;2024-05-27;06:42:00;COM VÍTIMA;DUPLICIDADE;TORRE;RUA FREI JABOATAO;697;;AO LADO DO POKER DA TORRE- CASA DE JOGOS;TORRE;;;COLISÃO;1,0;0,0;0,0;0,0;0,0;0,0;0,0;0,0;0,0;1,0;0,0;;;;;;;;;;;;;
202413950,0;2024-05-27;07:37:00;COM VÍTIMA;FINALIZADA;BOA VIAGEM;RUA JOAO CARDOSO AIRES;;RUA WALDEMAR NERY CARNEIRO MONTEIRO;PROX VETERINARIA VETCENTER;BOA VIAGEM;;;COLISÃO;1,0;1,0;0,0;0,0;0,0;0,0;0,0;0,0;0,0;2,0;0,0;;;;;;;;;;;;;
202413952,0;2024-05-27;09:03:00;COM VÍTIMA;FINALIZADA;IPUTINGA;RUA LEAL DE BARROS;;;PROX COLEGIO EXPOENTE;IPUTINGA;;;COLISÃO;1,0;1,0;0,0;0,0;0,0;0,0;0,0;0,0;0,0;1,0;0,0;;;;;;;;;;;;;
202413954,0;2024-05-27;09:49:00;COM VÍTIMA;FINALIZADA;AGUA FRIA;AV BEBERIBE;;;EM FRENTE INSANOS HAMBUGUERIA,  PROX AO PAGODE DA PRESSAO;AGUA FRIA;;;QUEDA;0,0;3,0;0,0;0,0;0,0;0,0;0,0;0,0;0,0;3,0;0,0;;;;;;;;;;;;;
202413982,0;2024-05-28;07:29:00;COM VÍTIMA;FINALIZADA;TORRE;RUA REAL DA TORRE;;;PROX AO TÚNEL DA ABOLIÇÃO;TORRE;;;COLISÃO;0,0;1,0;0,0;0,0;0,0;0,0;0,0;0,0;0,0;1,0;0,0;;;;;;;;;;;;;
202413989,0;2024-05-28;07:50:00;COM VÍTIMA;FINALIZADA;BOA VISTA;RUA MARQUES AMORIM;;;PROX. A SORVETERIA FREE SABOR;BOA VISTA;;;COLISÃO;0,0;1,0;0,0;0,0;0,0;0,0;0,0;0,0;0,0;1,0;0,0;;;;;;;;;;;;;
202413996,0;2024-05-28;08:12:00;COM VÍTIMA;FINALIZADA;NOVA DESCOBERTA;AV VEREADOR OTACILIO AZEVEDO;;;EM FRENTE A CHACARA NORTE, APOS A ESCOLA ROTARY;NOVA DESCOBERTA;;;COLISÃO LATERAL;0,0;1,0;0,0;0,0;0,0;0,0;0,0;0,0;0,0;1,0;0,0;;;;;;;;;;;;;
202414007,0;2024-05-28;09:30:00;COM VÍTIMA;FINALIZADA;IMBIRIBEIRA;RUA ANTONIO FALCAO;;;EM FRENTE AO MUNDO CABELEREIRO;IMBIRIBEIRA;;;COLISÃO LATERAL;0,0;1,0;0,0;0,0;0,0;0,0;1,0;0,0;0,0;1,0;0,0;;;;;;;;;;;;;
202414014,0;2024-05-28;10:19:00;COM VÍTIMA;FINALIZADA;IMBIRIBEIRA;AV MARECHAL MASCARENHAS DE MORAES;6211;;EM FRENTE JUSTIÇA FEDERAL / PROX A INFRA AERO;IMBIRIBEIRA;;;COLISÃO TRASEIRA;1,0;1,0;0,0;0,0;0,0;0,0;0,0;0,0;0,0;1,0;0,0;;;;;;;;;;;;;
202414021,0;2024-05-28;10:54:00;COM VÍTIMA;FINALIZADA;IMBIRIBEIRA;AV MARECHAL MASCARENHAS DE MORAES;;;EM FRENTE A GRILO // EM FRENTE AO POSTO DE GASOLINA YPIRANGA;IMBIRIBEIRA;;;COLISÃO LATERAL;0,0;1,0;0,0;0,0;0,0;0,0;1,0;0,0;0,0;2,0;0,0;;;;;;;;;;;;;
202414027,0;2024-05-28;11:47:00;SEM VÍTIMA;FINALIZADA;GRACAS;AV GOVERNADOR AGAMENON MAGALHAES;;RUA JOAQUIM NABUCO;;GRACAS;174,0;;COLISÃO TRANSVERSAL;1,0;0,0;0,0;0,0;0,0;0,0;0,0;0,0;1,0;0,0;0,0;;;;;;;;;;;;;
202414033,0;2024-05-28;12:19:00;COM VÍTIMA;FINALIZADA;AFOGADOS;RUA SAO MIGUEL;;RUA SANTOS ARAUJO;EM FRENTE AO DEPATRI;AFOGADOS;333,0;;COLISÃO LATERAL;0,0;1,0;0,0;0,0;0,0;1,0;0,0;0,0;0,0;1,0;0,0;;;;;;;;;;;;;
202414034,0;2024-05-28;12:39:00;COM VÍTIMA;FINALIZADA;BOA VIAGEM;RUA BARAO DE SOUZA LEAO;1000;RUA ALMIRANTE TAMANDARE;PROXIMO A ESCOLA SANTOS DUMONT;BOA VIAGEM;;;ATROPELAMENTO DE PESSOA;0,0;0,0;0,0;0,0;1,0;0,0;0,0;0,0;0,0;1,0;0,0;;;;;;;;;;;;;
202414044,0;2024-05-28;02:53:00;COM VÍTIMA;FINALIZADA;IMBIRIBEIRA;AV MARECHAL MASCARENHAS DE MORAES;2975;;EM FRENTE A HONDA E A FACULDADE UNIVERSO E PROX A ITALIANA  SENTIDO RECIFE;IMBIRIBEIRA;;;COLISÃO;0,0;1,0;0,0;0,0;0,0;0,0;0,0;0,0;0,0;1,0;0,0;;;;;;;;;;;;;
202414045,0;2024-05-28;02:56:00;COM VÍTIMA;FINALIZADA;CAMPO GRANDE;EST DE BELEM;1501;;PROX A AUTO ESCOLA ESTRADA DE BELEM // PROX AO OASIS TINTA;CAMPO GRANDE;;;COLISÃO LATERAL;1,0;1,0;0,0;0,0;0,0;0,0;0,0;0,0;0,0;1,0;0,0;;;;;;;;;;;;;
202414047,0;2024-05-28;03:01:00;COM VÍTIMA;FINALIZADA;SANTO ANTONIO;RUA SIQUEIRA CAMPOS;;;POR TRAS DOS CORREIOS E EM FRENTE AO EDIFICIO BRASILIA;SANTO ANTONIO;;;COLISÃO;0,0;1,0;0,0;0,0;0,0;0,0;0,0;0,0;0,0;1,0;0,0;;;;;;;;;;;;;
202414065,0;2024-05-28;05:58:00;COM VÍTIMA;FINALIZADA;ESTANCIA;AV RECIFE;S/N;;NA SUBIDA DO VIADUTO SENTIDO CEASA;ESTANCIA;;;COLISÃO;0,0;1,0;0,0;0,0;0,0;0,0;0,0;0,0;0,0;1,0;0,0;;;;;;;;;;;;;
202414082,0;2024-05-28;10:58:00;COM VÍTIMA;FINALIZADA;BOA VIAGEM;RUA CAPITAO ZUZINHA;270;RUA DONA UZINHA NUNES;E/F AO HOTEL VITORIA;BOA VIAGEM;;PRAIA;COLISÃO TRASEIRA;0,0;2,0;0,0;0,0;0,0;0,0;0,0;0,0;0,0;2,0;0,0;;;;;;;;;;;;;
202414089,0;2024-05-29;05:59:00;COM VÍTIMA;FINALIZADA;AGUA FRIA;RUA SAO BENTO;;;PROX. AO POSTO DA BOMBA DO HEMETERIO E IGREJA PENTECOSTAL;AGUA FRIA;;;COLISÃO LATERAL;0,0;1,0;0,0;0,0;0,0;0,0;0,0;0,0;0,0;1,0;0,0;;;;;;;;;;;;;
202414105,0;2024-05-29;07:14:00;COM VÍTIMA;FINALIZADA;ILHA DO RETIRO;RUA SPORT CLUBE DO RECIFE;;;EM FRENTE AO POSTO DE GASOLINA EXTRA, MC´DONALD E CAMPO DO SPORT;ILHA DO RETIRO;;;COLISÃO LATERAL;0,0;1,0;0,0;0,0;0,0;0,0;0,0;0,0;0,0;1,0;0,0;;;;;;;;;;;;;
202414120,0;2024-05-29;08:10:00;COM VÍTIMA;FINALIZADA;IMBIRIBEIRA;AV MARECHAL MASCARENHAS DE MORAES;2820;;EM FRENTE A FACULDADE UNIP;IMBIRIBEIRA;;;QUEDA;0,0;1,0;0,0;0,0;0,0;0,0;0,0;0,0;0,0;1,0;0,0;;;;;;;;;;;;;
202414129,0;2024-05-29;08:12:00;COM VÍTIMA;FINALIZADA;CASA AMARELA;EST DO ENCANAMENTO;;;EM FRENTE AO HOSPITAL SANTA LUIZA;CASA AMARELA;;;COLISÃO;0,0;1,0;0,0;0,0;0,0;0,0;0,0;0,0;0,0;1,0;0,0;;;;;;;;;;;;;
202414131,0;2024-05-29;08:32:00;COM VÍTIMA;DUPLICIDADE;IMBIRIBEIRA;AV MARECHAL MASCARENHAS DE MORAES;;;SENT. AEROPORTO, EM FRENTE AO GERALDAO;IMBIRIBEIRA;;;COLISÃO LATERAL;0,0;1,0;0,0;0,0;0,0;0,0;0,0;0,0;0,0;1,0;0,0;;;;;;;;;;;;;
202414133,0;2024-05-29;08:45:00;COM VÍTIMA;FINALIZADA;MADALENA;RUA JOSE OSORIO;;;EM FRENTE A ALIANÇA AUTOMOVEIS;MADALENA;;;COLISÃO LATERAL;0,0;1,0;0,0;0,0;0,0;0,0;0,0;0,0;0,0;1,0;0,0;;;;;;;;;;;;;
202414155,0;2024-05-29;11:10:00;COM VÍTIMA;FINALIZADA;IMBIRIBEIRA;AV MARECHAL MASCARENHAS DE MORAES;;;EM FRENTE AO BANCO BRADESCO;IMBIRIBEIRA;;;COLISÃO;0,0;1,0;0,0;0,0;0,0;0,0;0,0;0,0;0,0;1,0;0,0;;;;;;;;;;;;;
202414156,0;2024-05-29;11:27:00;SEM VÍTIMA;FINALIZADA;GRACAS;RUA SENADOR ALBERTO PAIVA;192;RUA ANTONIO NOVAIS;SOB O SEMÁFORO Nº 360;GRACAS;360,0;SUBURBIO;CHOQUE;2,0;0,0;0,0;0,0;0,0;0,0;0,0;0,0;0,0;0,0;0,0;;;;;;;;;;;;;
202414161,0;2024-05-29;11:53:00;COM VÍTIMA;FINALIZADA;IPUTINGA;AV CAXANGA;4588;;EM FRENTE AO BARÃO DE LUCENA  //  SENTIDO CAMARAGIBE;IPUTINGA;;;COLISÃO;0,0;1,0;0,0;0,0;0,0;0,0;0,0;0,0;0,0;1,0;0,0;;;;;;;;;;;;;
202414172,0;2024-05-29;01:24:00;COM VÍTIMA;FINALIZADA;CORDEIRO;RUA GOMES TABORDA;;;PROX AO PARAIBANO E PROX A IGREJA UNIVERSAL;CORDEIRO;;;COLISÃO;0,0;1,0;0,0;0,0;0,0;0,0;0,0;0,0;0,0;1,0;0,0;;;;;;;;;;;;;
202414174,0;2024-05-29;01:53:00;SEM VÍTIMA;FINALIZADA;CAMPO GRANDE;RUA ODORICO MENDES;700;;CEPLANC;CAMPO GRANDE;;;COLISÃO;2,0;0,0;0,0;0,0;0,0;0,0;0,0;0,0;0,0;0,0;0,0;;;;;;;;;;;;;
202414178,0;2024-05-29;02:43:00;COM VÍTIMA;FINALIZADA;CASA AMARELA;EST DO ARRAIAL;4165;;PROXIMO A RAQUEL CORTES E MECHAS;CASA AMARELA;;;COLISÃO LATERAL;1,0;1,0;0,0;0,0;0,0;0,0;0,0;0,0;0,0;1,0;0,0;;;;;;;;;;;;;
202414181,0;2024-05-29;02:52:00;COM VÍTIMA;FINALIZADA;PRADO;AV ENGENHEIRO ABDIAS DE CARVALHO;;RUA HERCULES FLORENCE;QUASE EM FRENTE A FACULDADE ESTÁCIO AO LADO DO BIG CAR E EM FRENTE AO CERPE DA ABDIAS;PRADO;;;COLISÃO;0,0;1,0;0,0;0,0;0,0;0,0;0,0;0,0;0,0;1,0;0,0;;;;;;;;;;;;;
202414192,0;2024-05-29;04:39:00;COM VÍTIMA;FINALIZADA;SAO JOSE;RUA IPUA;65;;PROX AO PREDIO NOVOS NA TRAVESSA DO RAPOSO NA ENTRADA DO IMIP;SAO JOSE;;;COLISÃO;0,0;1,0;0,0;0,0;0,0;0,0;0,0;0,0;0,0;1,0;0,0;;;;;;;;;;;;;
202414194,0;2024-05-29;05:59:00;COM VÍTIMA;FINALIZADA;ESPINHEIRO;RUA DO ESPINHEIRO;;RUA QUARENTA E OITO;ESQUINA DA PADARIA  DO ESPINHEIRO;ESPINHEIRO;;;COLISÃO LATERAL;1,0;1,0;0,0;0,0;0,0;0,0;0,0;0,0;0,0;1,0;0,0;;;;;;;;;;;;;
202414236,0;2024-05-30;08:11:00;COM VÍTIMA;FINALIZADA;SAO JOSE;PRC DAS CINCO PONTAS;;;AO LADO DO SISTEMA DO GRANDE RECIFE, PROX. A MARINHA E TORRE GEMEAS;SAO JOSE;;;COLISÃO LATERAL;0,0;1,0;0,0;0,0;0,0;0,0;0,0;0,0;0,0;1,0;0,0;;;;;;;;;;;;;
202414239,0;2024-05-30;08:36:00;COM VÍTIMA;FINALIZADA;IPUTINGA;AV CAXANGA;;;EMBAIXO DO VIADUTO DA BR-101, PROX. AO MIX MATEUS;IPUTINGA;;;COLISÃO LATERAL;0,0;1,0;0,0;0,0;0,0;0,0;0,0;0,0;0,0;1,0;0,0;;;;;;;;;;;;;
202414248,0;2024-05-30;09:44:00;COM VÍTIMA;FINALIZADA;ILHA DO LEITE;RUA FRANCISCO ALVES;2464;;EM FRENTE A EMERGÊNCIA DO HOSPITAL ESPERANÇA;ILHA DO LEITE;;;COLISÃO LATERAL;1,0;1,0;0,0;0,0;0,0;0,0;0,0;0,0;0,0;1,0;0,0;;;;;;;;;;;;;
202414253,0;2024-05-30;10:11:00;COM VÍTIMA;FINALIZADA;IPUTINGA;AV CAXANGA;4035;;EM FRENTE AO POSTO BR / EMBAIXO DO VIADUTODA CAXANGA;IPUTINGA;;;COLISÃO;0,0;2,0;0,0;0,0;0,0;0,0;0,0;0,0;0,0;1,0;0,0;;;;;;;;;;;;;
202414254,0;2024-05-30;10:12:00;COM VÍTIMA;FINALIZADA;SAO JOSE;RUA DAS CALCADAS;226;;PROX AO ATACADO DOS PRESENTES;SAO JOSE;;;COLISÃO;0,0;1,0;0,0;0,0;0,0;0,0;0,0;0,0;0,0;1,0;0,0;;;;;;;;;;;;;
202414258,0;2024-05-30;11:12:00;COM VÍTIMA;FINALIZADA;CORDEIRO;AV CAXANGA;;;PROX A PARADA DO BRT  FORTE DO ARRAIAL / PROX AO PARQUE DA EXPOSIÇÃO;CORDEIRO;;;COLISÃO;0,0;1,0;0,0;0,0;0,0;0,0;0,0;0,0;0,0;1,0;0,0;;;;;;;;;;;;;
202414264,0;2024-05-30;11:56:00;COM VÍTIMA;FINALIZADA;PARNAMIRIM;RUA LEONARDO BEZERRA CAVALCANTE;;;EM FRENTE AO HOSPITAL MARIA LUCINDA;PARNAMIRIM;;;COLISÃO LATERAL;1,0;1,0;0,0;0,0;0,0;0,0;0,0;0,0;0,0;1,0;0,0;;;;;;;;;;;;;
202414268,0;2024-05-30;01:22:00;COM VÍTIMA;FINALIZADA;IMBIRIBEIRA;AV MARECHAL MASCARENHAS DE MORAES;;;APÓS O VIADUTO TANCREDO NEVES;IMBIRIBEIRA;;;CAPOTAMENTO;1,0;0,0;0,0;0,0;0,0;0,0;0,0;0,0;0,0;1,0;0,0;;;;;;;;;;;;;
202414293,0;2024-05-30;05:43:00;COM VÍTIMA;FINALIZADA;BOA VIAGEM;RUA VISCONDE DE JEQUITINHONHA;695;;PROX AO POSTO SHELL E PROX AO CANAL;BOA VIAGEM;;;COLISÃO;0,0;1,0;0,0;0,0;0,0;0,0;0,0;0,0;0,0;1,0;0,0;;;;;;;;;;;;;
202414314,0;2024-05-30;10:58:00;COM VÍTIMA;FINALIZADA;TOTO;RUA ONZE DE AGOSTO;1562;;PROXIMO AO BIDU KRAUSE;TOTO;;;COLISÃO FRONTAL;1,0;1,0;0,0;0,0;0,0;0,0;0,0;0,0;0,0;1,0;0,0;;;;;;;;;;;;;
202414336,0;2024-05-31;07:14:00;COM VÍTIMA;FINALIZADA;TEJIPIO;AV DR JOSE RUFINO;;;APOS O METRO DE TEJIPO, SENT. JABOATÃO NA ENTRADA DO CARTORIO;TEJIPIO;;;COLISÃO LATERAL;0,0;1,0;0,0;0,0;0,0;0,0;0,0;0,0;0,0;1,0;0,0;;;;;;;;;;;;;
202414337,0;2024-05-31;07:24:00;COM VÍTIMA;FINALIZADA;AGUA FRIA;EST VELHA DE AGUA FRIA;;;ANTES DA POLICLINICA SALOMÃO, EM FRENTE A BALAS ROSAS;AGUA FRIA;;;COLISÃO LATERAL;0,0;1,0;0,0;0,0;0,0;0,0;0,0;0,0;0,0;1,0;0,0;;;;;;;;;;;;;
202414342,0;2024-05-31;08:14:00;COM VÍTIMA;FINALIZADA;IMBIRIBEIRA;AV ENGENHEIRO ALVES DE SOUZA;;;PROX. AO CENTRO DE DISTRIBUIÇÃO DO BOTICARIO E LAGOA DO ARAÇA;IMBIRIBEIRA;;;COLISÃO LATERAL;0,0;1,0;0,0;0,0;0,0;0,0;0,0;0,0;0,0;1,0;0,0;;;;;;;;;;;;;
202414344,0;2024-05-31;08:43:00;COM VÍTIMA;FINALIZADA;IPSEP;AV RECIFE;;;EM FRENTE AO POSTO FEDERAL;IPSEP;;;COLISÃO TRANSVERSAL;1,0;1,0;0,0;0,0;0,0;0,0;0,0;0,0;0,0;1,0;0,0;;;;;;;;;;;;;
202414355,0;2024-05-31;10:41:00;COM VÍTIMA;FINALIZADA;IMBIRIBEIRA;AV CONSELHEIRO AGUIAR;;;EM FRENTE A PAGUE MENOS;IMBIRIBEIRA;;;COLISÃO;0,0;1,0;0,0;0,0;0,0;0,0;0,0;0,0;0,0;1,0;0,0;;;;;;;;;;;;;
202414365,0;2024-05-31;01:17:00;COM VÍTIMA;FINALIZADA;SANTO AMARO;RUA TAMOIOS;146;;ANA PATRICIA SOBRANCELHAS;SANTO AMARO;;;COLISÃO;0,0;1,0;0,0;0,0;0,0;0,0;0,0;0,0;0,0;1,0;0,0;;;;;;;;;;;;;
202414371,0;2024-05-31;02:40:00;COM VÍTIMA;FINALIZADA;BOA VIAGEM;AV ENGENHEIRO DOMINGOS FERREIRA;2331;;PROX A IMOBILIARIA PAULO MIRANDA;BOA VIAGEM;;;COLISÃO TRASEIRA;1,0;1,0;0,0;0,0;0,0;0,0;0,0;0,0;0,0;1,0;0,0;;;;;;;;;;;;;
202414374,0;2024-05-31;03:10:00;COM VÍTIMA;CANCELADA;SANTO AMARO;AV CRUZ CABUGA;;;EM FRENTE A APAC;SANTO AMARO;;;COLISÃO;0,0;1,0;0,0;0,0;0,0;0,0;0,0;0,0;0,0;1,0;0,0;;;;;;;;;;;;;
202414375,0;2024-05-31;03:19:00;COM VÍTIMA;FINALIZADA;MADALENA;RUA BENFICA;109;;AO LADO DO BOMPREÇO;MADALENA;;;COLISÃO LATERAL;0,0;0,0;0,0;0,0;0,0;0,0;0,0;0,0;0,0;1,0;0,0;;;;;;;;;;;;;
202414377,0;2024-05-31;03:58:00;SEM VÍTIMA;FINALIZADA;SAN MARTIN;AV GENERAL SAN MARTIN;;;EM FRENTE AO COMPAZ ARIANO SUASSUNA;SAN MARTIN;;SUBURBIO;COLISÃO LATERAL;1,0;0,0;0,0;0,0;0,0;0,0;1,0;0,0;0,0;0,0;0,0;;;;;;;;;;;;;
202414384,0;2024-05-31;05:06:00;COM VÍTIMA;FINALIZADA;AFOGADOS;RUA SARGENTO WOLFF;108;;PROXIMO A FABRICA ULTRA CLIN // PROXIMO AO POSTO SETTA APOS  A TUPAN;AFOGADOS;;;COLISÃO;0,0;1,0;0,0;0,0;0,0;0,0;0,0;0,0;0,0;1,0;0,0;;;;;;;;;;;;;
202414402,0;2024-05-31;09:07:00;COM VÍTIMA;FINALIZADA;CAMPO GRANDE;AV GOVERNADOR AGAMENON MAGALHAES;;;PRÓXIMO A UPINHA DA AGAMENON;CAMPO GRANDE;;;COLISÃO FRONTAL;0,0;0,0;0,0;0,0;0,0;0,0;0,0;0,0;0,0;2,0;0,0;;;;;;;;;;;;;